{"current":{"heading_color":"#1c1b1b","text_color":"#1c1b1b","text_light_color":"#6a6a6a","link_color":"#0d5ea8","background":"#f1f1f1","light_background":"#ffffff","product_on_sale_color":"#0d5ea8","button_background":"#0d5ea8","button_text_color":"#ffffff","header_background":"#ffffff","header_heading_color":"#262626","header_light_color":"#262626","footer_background":"#ffffff","footer_heading_color":"#0d5ea8","footer_text_color":"#262626","navigation_background":"#fbfbfb","navigation_text_color":"#0d5ea8","newsletter_popup_background":"#ffffff","newsletter_popup_text_color":"#0d5ea8","secondary_elements_background":"#262626","secondary_elements_text_color":"#ffffff","product_rating_color":"#0d5ea8","heading_font":"avenir_next_n5","heading_size":"normal","uppercase_heading":true,"text_font":"avenir_next_n4","base_text_font_size":15,"currency_code_enabled":false,"show_page_transition":false,"show_button_transition":false,"show_image_zooming":false,"show_element_staggering":false,"search_mode":"product,article,page","product_show_price_on_hover":false,"product_show_secondary_image":false,"show_product_rating":false,"product_info_alignment":"center","product_image_size":"square","product_list_horizontal_spacing":"extra_small","product_list_vertical_spacing":"extra_small","cart_type":"drawer","cart_enable_notes":false,"cart_show_free_shipping_threshold":true,"cart_free_shipping_threshold":"500","social_facebook":"https:\/\/www.facebook.com\/bombayshavingcompany\/","social_twitter":"https:\/\/twitter.com\/BombayShavingCo","social_pinterest":"https:\/\/in.pinterest.com\/bombayshavingcompanyindia\/","social_instagram":"https:\/\/instagram.com\/bombayshavingcompany","social_youtube":"https:\/\/www.youtube.com\/c\/Bombayshavingcompany","social_linkedin":"https:\/\/in.linkedin.com\/company\/bombay-shaving-company\/","favicon":"shopify:\/\/shop_images\/favicon_b137221d-0155-4c03-a87a-af5e65fe04be.png","mid":"3mt5u7n3w2kzqua196","envType":"production","btnTxt":true,"gk-merchant-btnText":"Pay via Debit\/Credit Card","fbpixel":"1047077635386640","priClr":"#0d5ea8","secClr":"#ffffff","goEnable":true,"sub-titile":"","checkout_header_image":"shopify:\/\/shop_images\/CheckoutBanner_20_OFF.jpg","checkout_logo_image":"shopify:\/\/shop_images\/Edge_to_Edge_Logo_74dcfb97-b950-4df4-84f5-24b1fb8c9346.png","checkout_logo_position":"left","checkout_logo_size":"small","checkout_body_background_color":"#ffffff","checkout_input_background_color_mode":"white","checkout_sidebar_background_color":"#efefef","checkout_accent_color":"#1c1b1b","checkout_button_color":"#0d5ea8","sections":{"sidebar-menu":{"type":"sidebar-menu","settings":{"primary_menu":"side-bar-menu","secondary_menu":"customer-services","show_social_media":true}},"announcement":{"type":"announcement","settings":{"enable_bar":false,"home_page_only":false,"background":"#29705a","text_color":"#ffffff","content":"<b>Free Shipping<\/b> Worldwide + <b>Easy Returns<\/b>","link":"shopify:\/\/collections\/best-sellers"}},"header":{"type":"header","blocks":{"6ee77055-4949-401c-805b-d2a1d1a2d3d1":{"type":"mega_menu","settings":{"navigation_mega_menu":"Best Sellers","push_1_image":"shopify:\/\/shop_images\/GiftKits.jpg","push_1_heading":"Shop bestselling Gift Kits","push_1_subheading":"Gift kits + Gift Cards","push_1_url":"shopify:\/\/pages\/gifting","push_2_image":"shopify:\/\/shop_images\/Fragrances_1.jpg","push_2_heading":"New Arrivals in","push_2_subheading":"Fragrances","push_2_url":"shopify:\/\/collections\/perfumes"}},"88f358d9-f730-4db5-9199-867edf4f2562":{"type":"mega_menu","settings":{"navigation_mega_menu":"Shave","push_1_image":"shopify:\/\/shop_images\/800X800.jpg","push_1_heading":"Shaving Foam Combo","push_1_subheading":"Some Partnership works best in 3s","push_1_url":"shopify:\/\/products\/shaving-foams-combo-pack-of-3","push_2_heading":"Example heading","push_2_subheading":"Example sub-heading","push_2_url":""}},"410e784c-0de3-487b-82c7-3fe836db3856":{"type":"mega_menu","settings":{"navigation_mega_menu":"Beard","push_1_image":"shopify:\/\/shop_images\/BeardCare_2.jpg","push_1_heading":"Beard Care Combo","push_1_subheading":"Flaunt your Beard","push_1_url":"shopify:\/\/collections\/mens-beardcare-products","push_2_heading":"Example heading","push_2_subheading":"Example sub-heading","push_2_url":""}},"23b83463-1d59-44a2-8543-4f689ff8cd2d":{"type":"mega_menu","settings":{"navigation_mega_menu":"Hair","push_1_image":"shopify:\/\/shop_images\/HairCare_1.jpg","push_1_heading":"Complete Hair Care Range","push_1_subheading":"For Long Shiny Hair","push_1_url":"","push_2_heading":"Example heading","push_2_subheading":"Example sub-heading","push_2_url":""}},"83a040f7-2a42-41be-b6f8-de580f806edc":{"type":"mega_menu","settings":{"navigation_mega_menu":"Skin","push_1_image":"shopify:\/\/shop_images\/SkinCare_1.jpg","push_1_heading":"New Launches","push_1_subheading":"New Season New Must Haves","push_1_url":"shopify:\/\/collections\/new-launches","push_2_heading":"Teal Solid Cotton Short Shorts","push_2_subheading":"BREEZY 100% COTTON","push_2_url":"shopify:\/\/products\/teal-blue-low-rise-short-cotton-shorts"}},"d82e5a13-5368-4c6c-8fe8-1e995ee6cfb0":{"type":"mega_menu","settings":{"navigation_mega_menu":"Bath","push_1_image":"shopify:\/\/shop_images\/BathCare_e97b3d45-fc74-4b46-bbb5-d1fc9f7cfd0f.jpg","push_1_heading":"Fresh Summer Fresh You","push_1_subheading":"Beat the Heat this Summer","push_1_url":"shopify:\/\/collections\/bath-care","push_2_heading":"Example heading","push_2_subheading":"Example sub-heading","push_2_url":""}},"da83229d-aa05-4ffc-a992-733b9d807444":{"type":"mega_menu","settings":{"navigation_mega_menu":"trimmers","push_1_image":"shopify:\/\/shop_images\/Without-Logo_Card-1.jpg","push_1_heading":"SIGNATURE GREY TRIMMER & HAIR CLIPPER","push_1_subheading":"Our Bestseller","push_1_url":"shopify:\/\/products\/grey-trimmer","push_2_image":"shopify:\/\/shop_images\/Card_1-Without-logo.jpg","push_2_heading":"ELECTRIC BLUE TRIMMER PE2025\/BL","push_2_subheading":"Newly Launched","push_2_url":"shopify:\/\/products\/blue-trimmer"}},"1625da8a-dfbf-40a5-8b18-cc049cd2ea6c":{"type":"mega_menu","settings":{"navigation_mega_menu":"Blogs","push_1_image":"shopify:\/\/shop_images\/blog2.webp","push_1_heading":"5 UNIQUE RAKHI GIFT IDEAS FOR BROTHERS THAT THEY ACTUALLY WANT","push_1_subheading":"DIY","push_1_url":"shopify:\/\/blogs\/diy\/5-unique-rakhi-gift-ideas-for-brothers-that-they-actually-want","push_2_image":"shopify:\/\/shop_images\/blog3.webp","push_2_heading":"HOW TO USE BEARD TRIMMER COMBS?","push_2_subheading":"Beard care","push_2_url":"shopify:\/\/blogs\/beard-care\/how-to-use-beard-trimmer-combs"}}},"block_order":["6ee77055-4949-401c-805b-d2a1d1a2d3d1","88f358d9-f730-4db5-9199-867edf4f2562","410e784c-0de3-487b-82c7-3fe836db3856","23b83463-1d59-44a2-8543-4f689ff8cd2d","83a040f7-2a42-41be-b6f8-de580f806edc","d82e5a13-5368-4c6c-8fe8-1e995ee6cfb0","da83229d-aa05-4ffc-a992-733b9d807444","1625da8a-dfbf-40a5-8b18-cc049cd2ea6c"],"settings":{"use_sticky_header":true,"logo":"shopify:\/\/shop_images\/BSC-logo.jpg","logo_max_width":155,"mobile_logo_max_width":115,"show_country_selector":false,"show_locale_selector":false,"navigation_menu":"mega-menu","navigation_style":"center","show_icons":true,"enable_transparent_header":false,"enable_transparent_header_collection":false,"show_transparent_header_border":true,"transparent_text_color":"#ffffff"}},"footer":{"type":"footer","blocks":{"footer-0":{"type":"text","settings":{"title":"ABOUT US","content":"<p>Bombay Shaving Company is a premium personal care and grooming solutions brand committed to delivering truly remarkable customer experiences. <\/p><p>Ours thoughtfully curated personal care regimens double-up as the perfect gifting options for special occasions, too. Come, shine like never before with products made with love!<\/p>","show_social_media":true}},"fa66a4f7-9596-4b57-a3b9-efd497f14c7e":{"type":"links","settings":{"menu":"customer-services"}},"23b43687-23d8-4375-99f8-82d790637443":{"type":"links","settings":{"menu":"footermenu"}},"footer-2":{"type":"newsletter","settings":{"title":"Newsletter","content":"<p>Subscribe to receive updates, access to exclusive deals, and more.<\/p>"}}},"block_order":["footer-0","fa66a4f7-9596-4b57-a3b9-efd497f14c7e","23b43687-23d8-4375-99f8-82d790637443","footer-2"],"settings":{"show_payment_methods":true,"show_country_selector":false,"show_locale_selector":false}},"popup":{"type":"popup","settings":{"show_popup":false,"show_only_on_index":true,"show_only_for_visitors":true,"show_only_once":true,"title":"Popup","content":"<p>You can use this popup to display some useful information to your customers.<\/p>","show_newsletter":true,"apparition_delay":5}},"new-annbar":{"type":"new-annbar","blocks":{"9aced01d-f17f-4431-bb82-d03b27c3aa3f":{"type":"testimonial","disabled":true,"settings":{"Offer":"Buy two products and get 60% off on 2nd product | Use code:TUESDAY","image":"shopify:\/\/shop_images\/100X100.png","coupon":"TUESDAY","linkurl":"https:\/\/bombayshavingcompany.com\/collections\/tuesdaytemptation?utm_source=D2C+Web+Links&utm_medium=TT-Announcement&utm_campaign=Tuesday+Temptation"}},"72e9a877-b969-4038-91d6-6462840b760a":{"type":"testimonial","disabled":true,"settings":{"Offer":"Save like never before - Get Upto 45% OFF","image":"shopify:\/\/shop_images\/offer.png","coupon":"SAVEBIG","linkurl":"https:\/\/bombayshavingcompany.com\/collections\/all-products-alliances?utm_source=D2C+Web+Links&utm_medium=save-big-announcement&utm_campaign=save+big"}},"4a35f82b-a534-4b7f-af03-9e8cec58bd11":{"type":"testimonial","settings":{"Offer":"PLAY N WIN - Game khelo Offer jeeto!","image":"shopify:\/\/shop_images\/offer.png","coupon":"","linkurl":"https:\/\/bombayshavingcompany.com\/pages\/offers?utm_source=D2C+Web+Links&utm_medium=Game-Announcement&utm_campaign=Play+%26+WIN"}},"e1c63e88-683a-470a-a409-cb388b5f4daa":{"type":"testimonial","settings":{"Offer":"Get 20% OFF sitewide* | Use code: BSC20 (except Trimmers)","image":"shopify:\/\/shop_images\/20-percent.png","coupon":"BSC20","linkurl":"https:\/\/bombayshavingcompany.com\/collections\/best-seller?utm_source=D2C+Web+Links&utm_medium=BSC20+Announcement&utm_campaign=Best+Sellers"}},"425f49a4-fe06-48d7-bb7f-7a4fd3477926":{"type":"testimonial","settings":{"Offer":"Play our car race game and stand a chance to win a Free Grey Trimmer","image":"shopify:\/\/shop_images\/tag.png","coupon":"","linkurl":"shopify:\/\/pages\/offers"}},"4e3350df-fe9a-4254-9ca5-dccc73df0f36":{"type":"testimonial","settings":{"Offer":"Sign Up and Get Cashback Points worth 10% of order amount on all paid orders","image":"shopify:\/\/shop_images\/3213595.png","coupon":"","linkurl":""}},"a1937f41-b177-43f7-bc19-75147c6b8ab0":{"type":"testimonial","disabled":true,"settings":{"Offer":"play or spin-the-wheel to win exciting discounts","image":"shopify:\/\/shop_images\/payment-method.png","coupon":"","linkurl":"shopify:\/\/collections\/all-products-alliances"}}},"block_order":["9aced01d-f17f-4431-bb82-d03b27c3aa3f","72e9a877-b969-4038-91d6-6462840b760a","4a35f82b-a534-4b7f-af03-9e8cec58bd11","e1c63e88-683a-470a-a409-cb388b5f4daa","425f49a4-fe06-48d7-bb7f-7a4fd3477926","4e3350df-fe9a-4254-9ca5-dccc73df0f36","a1937f41-b177-43f7-bc19-75147c6b8ab0"],"settings":{"text":"Click here for more offers"}},"navbar":{"type":"navbar","blocks":{"c5d2e43b-9c67-463b-90fd-ee276f8e047c":{"type":"testimonial","settings":{"text":"Home","linkurl":"\/","linkopen":false}},"61483588-c8b3-4603-b2be-e6642e8c2845":{"type":"testimonial","settings":{"text":"BestSellers","linkurl":"shopify:\/\/collections\/best-seller","linkopen":false}},"7a4637c5-474f-49a3-84dc-e38c9024ad88":{"type":"testimonial","settings":{"text":"Play N Win","linkurl":"shopify:\/\/pages\/offers","linkopen":false}},"723462a7-6687-4d01-9fa0-18023bbafc5b":{"type":"testimonial","settings":{"text":"Trimmers","linkurl":"shopify:\/\/pages\/trimmer","linkopen":false}},"585a3d49-5aa7-4472-a028-3d238a4e6a0f":{"type":"testimonial","settings":{"text":"Gifting","linkurl":"shopify:\/\/pages\/gifting","linkopen":false}},"9d08cfe9-2e2f-4020-9527-af6099ab3c88":{"type":"testimonial","disabled":true,"settings":{"text":"Store @75","linkurl":"shopify:\/\/collections\/pick-any-3-399","linkopen":false}},"442afb8b-d88b-4bbd-ade6-d4e5381d4263":{"type":"testimonial","settings":{"text":"Perfumes","linkurl":"shopify:\/\/collections\/perfumes","linkopen":false}},"debb41d3-b108-48a6-91eb-115025e8ba25":{"type":"testimonial","settings":{"text":"Women","linkurl":"https:\/\/mybombae.in\/","linkopen":true}},"de6ec94f-3b94-42f6-8d56-71dff7d5b5f4":{"type":"testimonial","settings":{"text":"Shave","linkurl":"shopify:\/\/collections\/shave","linkopen":false}},"24024d88-b1ad-4dcc-8cb9-4bdf7d2743dc":{"type":"testimonial","settings":{"text":"Beard","linkurl":"shopify:\/\/collections\/mens-beardcare-products","linkopen":false}},"ab7da4f2-8c7b-4117-aef1-4cfa2ec469cb":{"type":"testimonial","settings":{"text":"Skin","linkurl":"shopify:\/\/collections\/skin-care-products","linkopen":false}},"027f4095-fa20-41b6-9205-31cf0f1ebb3e":{"type":"testimonial","settings":{"text":"Hair","linkurl":"shopify:\/\/collections\/hair-care-products","linkopen":false}},"c30f9a5f-7318-4be7-b905-88fb2e4305ef":{"type":"testimonial","settings":{"text":"Bath","linkurl":"shopify:\/\/collections\/bath-care","linkopen":false}}},"block_order":["c5d2e43b-9c67-463b-90fd-ee276f8e047c","61483588-c8b3-4603-b2be-e6642e8c2845","7a4637c5-474f-49a3-84dc-e38c9024ad88","723462a7-6687-4d01-9fa0-18023bbafc5b","585a3d49-5aa7-4472-a028-3d238a4e6a0f","9d08cfe9-2e2f-4020-9527-af6099ab3c88","442afb8b-d88b-4bbd-ade6-d4e5381d4263","debb41d3-b108-48a6-91eb-115025e8ba25","de6ec94f-3b94-42f6-8d56-71dff7d5b5f4","24024d88-b1ad-4dcc-8cb9-4bdf7d2743dc","ab7da4f2-8c7b-4117-aef1-4cfa2ec469cb","027f4095-fa20-41b6-9205-31cf0f1ebb3e","c30f9a5f-7318-4be7-b905-88fb2e4305ef"],"settings":{}},"testimonials":{"type":"testimonials","blocks":{"6769a127-8773-45c7-a7c4-0c1486b93998":{"type":"testimonial","settings":{"quote":"<p>This is a brilliant product. This product is rich with the goodness of onion which is proven to be beneficial for the hair follicles. This is perfectly suitable for people having patchy beards. After a few weeks of usage the change is visible. The product has a good fragrance. It also moisturises the beard and makes it soft. The product is also beneficial for people having beard ruffs and makes the beard strong. I recommend this product to all my friends who want a thicker and a strong beard with zero patches.<\/p>"}},"1150c06a-19d2-4e40-8895-4a6e7950b164":{"type":"testimonial","settings":{"quote":"<p>I have really sensitive skin and being a professional I have to shave daily which leads to sore skin, especially during summer when you tend to sweat a lot. But no more sore, painful chin as this after shave balm gives the ultimate soothing effect and its long lasting rehydration makes your day. Just take a dollop of balm and massage only the shaved area for a few seconds till it dries.<\/p>"}},"76843395-d541-471e-ada4-d29bc41a9634":{"type":"testimonial","settings":{"quote":"<p>The six pieces set is a good variety as far as the value of this product is concerned. I  use beard butter regularly and it's very useful and makes my beard very soft. Moreover, the different types of oils in the kit have a very good smell which makes my face even more attractive. For me, quantity is not the concern if the quality is good and this is really nice and with this amazing packaging I'll gift it to my brother as well.<\/p>"}}},"block_order":["6769a127-8773-45c7-a7c4-0c1486b93998","1150c06a-19d2-4e40-8895-4a6e7950b164","76843395-d541-471e-ada4-d29bc41a9634"],"settings":{"autoplay":true,"cycle_speed":5,"background":"#d1e9ff","text_color":"#1c1b1b"}},"careers":{"type":"careers","blocks":{"5a88e9c3-2e63-43d5-b947-a49111f7fb4e":{"type":"testimonial","settings":{"jobhead":"Copywriter","company":"Bombay Shaving Company","location":"Gurugram, India","date":"1 week ago","url":"shopify:\/\/pages\/copywriter"}},"4420ad1d-bbe4-4a2d-93b8-731233ec5005":{"type":"testimonial","settings":{"jobhead":"Visual Designer","company":"Bombay Shaving Company","location":"Gurugram, India","date":"1 week ago","url":"shopify:\/\/pages\/visual-designer"}},"1b5f48cc-7c33-43a9-9e32-35ab64a44973":{"type":"testimonial","settings":{"jobhead":"Graphic Designer","company":"Bombay Shaving Company","location":"Gurugram, India","date":"2 week ago","url":"shopify:\/\/pages\/graphic-designer"}},"28516e81-77e5-4a40-9459-5519be590949":{"type":"testimonial","settings":{"jobhead":"Manager Alliance and Affiliate","company":"Bombay Shaving Company","location":"Gurugram, India","date":"1 week ago","url":"shopify:\/\/pages\/manager-alliance-affiliate"}}},"block_order":["5a88e9c3-2e63-43d5-b947-a49111f7fb4e","4420ad1d-bbe4-4a2d-93b8-731233ec5005","1b5f48cc-7c33-43a9-9e32-35ab64a44973","28516e81-77e5-4a40-9459-5519be590949"],"settings":{}},"career-testimonials":{"type":"career-testimonials","blocks":{"30b96fc7-a68c-465d-a2b7-3019b15d0f78":{"type":"testimonial","settings":{"image":"shopify:\/\/shop_images\/LifeatBSC_0003_1654235313023.jpg"}},"19009129-c013-4b1a-b683-4f9ff9eb46d9":{"type":"testimonial","settings":{"image":"shopify:\/\/shop_images\/LifeatBSC_0000_1652263389910.jpg"}},"4bd00d9a-69a0-4ebd-b5a5-90ec27780298":{"type":"testimonial","settings":{"image":"shopify:\/\/shop_images\/LifeatBSC_0002_1653626648394.jpg"}},"44659ec5-5ecb-4eef-8715-ffb3ea2ad645":{"type":"testimonial","settings":{"image":"shopify:\/\/shop_images\/LifeatBSC_0004_1655906610354.jpg"}},"12dc15b6-c714-4957-b083-fea5d026a1aa":{"type":"testimonial","settings":{"image":"shopify:\/\/shop_images\/LifeatBSC_0005_1657000382606.jpg"}},"45ef7cf1-51e2-40e5-af34-0c7cc831d584":{"type":"testimonial","settings":{"image":"shopify:\/\/shop_images\/LifeatBSC_0001_1652855014532.jpg"}}},"block_order":["30b96fc7-a68c-465d-a2b7-3019b15d0f78","19009129-c013-4b1a-b683-4f9ff9eb46d9","4bd00d9a-69a0-4ebd-b5a5-90ec27780298","44659ec5-5ecb-4eef-8715-ffb3ea2ad645","12dc15b6-c714-4957-b083-fea5d026a1aa","45ef7cf1-51e2-40e5-af34-0c7cc831d584"],"settings":{}},"featured-collections":{"type":"featured-collections","blocks":{"581d173b-5ef5-4a63-b490-f85cf48f08a2":{"type":"collection","settings":{"collection":"best-seller","title":"","grid_items_count":4,"button_text":"View all products"}}},"block_order":["581d173b-5ef5-4a63-b490-f85cf48f08a2"],"settings":{"bg":"","hcl":"","title":"","layout_mode":"grid","show_product_info":true,"show_vendor":false,"show_color_swatch":false,"grid_mobile_items_per_row":"2","grid_desktop_items_per_row":4}},"firework-embed":{"type":"firework-embed","settings":{"layout":"carousel","channel":"bombay_shaving_company145883400","playlist":"","hashtag":"","size":"large","player_placement":"bottom-right","open_in":"_modal","floating_button_cta_text":"","floating_button_cta_link":"","vertical_offset":0,"horzontal_offset":0,"pip":false}},"marquee-gz":{"type":"marquee-gz","settings":{}},"slideshow":{"type":"slideshow","blocks":{"6523a763-d8af-440a-a361-55731539ab76":{"type":"image","settings":{"image":"shopify:\/\/shop_images\/Desktop_Banner_ce9b4d34-d687-4e65-ad5f-acd62a7eaff1.jpg","mobile_image":"shopify:\/\/shop_images\/Mobile_Banner_349bb9f3-893f-4759-8981-483b102cdf3e.jpg","apply_overlay":false,"content_position":"bottomLeft","subheading":"","title":"","button_1_text":"","button_1_link":"","button_2_text":"","button_2_link":""}},"dc6ae3f5-6d05-4627-baac-f509a66752e2":{"type":"image","settings":{"image":"shopify:\/\/shop_images\/Main-Banner.jpg","mobile_image":"shopify:\/\/shop_images\/M-Banner.jpg","apply_overlay":false,"content_position":"bottomLeft","subheading":"","title":"","button_1_text":"","button_1_link":"","button_2_text":"","button_2_link":""}}},"block_order":["6523a763-d8af-440a-a361-55731539ab76","dc6ae3f5-6d05-4627-baac-f509a66752e2"],"settings":{"show_fullscreen":false,"show_arrow":false,"autoplay":true,"cycle_speed":5,"text_color":"#ffffff","button_color":"#363636","button_background":"#ffffff"}},"games":{"type":"games","settings":{}},"single-banner":{"type":"single-banner","blocks":{"bf82ab79-bbc1-43da-8976-43adacc0c030":{"type":"testimonial","settings":{"imags":"shopify:\/\/shop_images\/Home-Page-Banner.jpg","imags2":"shopify:\/\/shop_images\/Home-Page-Banner.jpg","linkk":""}},"d68ca874-d36c-4a68-bffd-3eef548d9ef0":{"type":"testimonial","disabled":true,"settings":{"linkk":""}}},"block_order":["bf82ab79-bbc1-43da-8976-43adacc0c030","d68ca874-d36c-4a68-bffd-3eef548d9ef0"],"settings":{}},"bhaidooj-prod-block":{"type":"bhaidooj-prod-block","blocks":{"9f808314-ce23-4e16-8a8f-15a98c2ac01b":{"type":"Product","settings":{"featured_product":"premium-shaving-kit-for-men","featured_image":"shopify:\/\/shop_images\/0008_6_in_1_PSRS_Kit.jpg"}},"37219471-e530-4986-a203-c0bdf61c3240":{"type":"Product","settings":{"featured_product":"gift-charcoal-face-care-kit","featured_image":"shopify:\/\/shop_images\/0009_Charcoal_Facial_Kit_333b9b8b-bbd9-40a7-aa81-5878c8ee6bb4.jpg"}}},"block_order":["9f808314-ce23-4e16-8a8f-15a98c2ac01b","37219471-e530-4986-a203-c0bdf61c3240"],"settings":{}},"bhaidooj-prod-block-2":{"type":"bhaidooj-prod-block-2","blocks":{"3d279475-85a1-4e42-8dbf-538a2967b46b":{"type":"Product","settings":{"featured_product":"coffee-facial-kit","featured_image":"shopify:\/\/shop_images\/0006_Coffee_Facial_kit.jpg"}},"475640fe-2846-499a-861e-31a96924add0":{"type":"Product","settings":{"featured_product":"gifting-premium-fragrances-for-men","featured_image":"shopify:\/\/shop_images\/0007_Fragrance_Starter_Kit.jpg"}}},"block_order":["3d279475-85a1-4e42-8dbf-538a2967b46b","475640fe-2846-499a-861e-31a96924add0"],"settings":{}},"bhaidooj-prod-block-3":{"type":"bhaidooj-prod-block-3","blocks":{"da82cc1e-3300-448d-9d18-abaf5cc4665b":{"type":"Product","settings":{"featured_product":"shave-dazzle-gift-kit","featured_image":"shopify:\/\/shop_images\/0005_Shave_Dazzle.jpg"}},"f4d56e55-c827-4b56-bd7c-2810280ec371":{"type":"Product","settings":{"featured_product":"beard-trim-and-care-kit-rakhi-gift-for-brother","featured_image":"shopify:\/\/shop_images\/0004_Beard_trim_Carekit.jpg"}}},"block_order":["da82cc1e-3300-448d-9d18-abaf5cc4665b","f4d56e55-c827-4b56-bd7c-2810280ec371"],"settings":{}},"bhaidooj-prod-block-4":{"type":"bhaidooj-prod-block-4","blocks":{"d9e1c850-a644-4f37-859a-129f36ee8fbf":{"type":"Product","settings":{"featured_product":"mexico-tokyo-combo","featured_image":"shopify:\/\/shop_images\/0003_Perfume_COmbo.jpg"}},"00bd71bc-5a88-426f-9a21-1b3149d195d3":{"type":"Product","settings":{"featured_product":"grey-trimmer","featured_image":"shopify:\/\/shop_images\/0002_Grey_Trimmer.jpg"}}},"block_order":["d9e1c850-a644-4f37-859a-129f36ee8fbf","00bd71bc-5a88-426f-9a21-1b3149d195d3"],"settings":{}},"bhaidooj-prod-block-5":{"type":"bhaidooj-prod-block-5","blocks":{"71bd517d-7318-4dbe-b8c5-de59a42bf647":{"type":"Product","settings":{"featured_product":"man-of-the-match-grooming-kit","featured_image":"shopify:\/\/shop_images\/0001_Travel_grooming-Kit.jpg"}},"69050be6-d0fb-4b4d-af1d-d368b1835f53":{"type":"Product","settings":{"featured_product":"mexico-black-vibe-combo","featured_image":"shopify:\/\/shop_images\/0000_Fragrances.jpg"}}},"block_order":["71bd517d-7318-4dbe-b8c5-de59a42bf647","69050be6-d0fb-4b4d-af1d-d368b1835f53"],"settings":{}}},"content_for_index":[],"blocks":{"855628211100114053":{"type":"shopify:\/\/apps\/klaviyo-email-marketing-sms\/blocks\/klaviyo-onsite-embed\/2632fe16-c075-4321-a88b-50b567f42507","disabled":false,"settings":{}},"16625563505203379481":{"type":"shopify:\/\/apps\/login-my-phone-number\/blocks\/scripts_embedded_block\/c7f2efe3-e781-470b-96ef-267ca74ad469","disabled":false,"settings":{}},"3584220813331830442":{"type":"shopify:\/\/apps\/superspeed-googles-page-speed\/blocks\/ss-v3\/ea1b2c2c-4644-44b9-b10b-fdb914884a8c","disabled":true,"settings":{}},"6897698614501909729":{"type":"shopify:\/\/apps\/superspeed-googles-page-speed\/blocks\/app-embed\/ea1b2c2c-4644-44b9-b10b-fdb914884a8c","disabled":false,"settings":{"optimization_level":"standard"}},"14060646107696862457":{"type":"shopify:\/\/apps\/judge-me-product-reviews\/blocks\/judgeme_core\/61ccd3b1-a9f2-4160-9fe9-4fec8413e5d8","disabled":false,"settings":{}},"12120936241911852800":{"type":"shopify:\/\/apps\/judge-me-product-reviews\/blocks\/reviews_tab\/61ccd3b1-a9f2-4160-9fe9-4fec8413e5d8","disabled":true,"settings":{"position":"right"}},"10605408327587305396":{"type":"shopify:\/\/apps\/easygift-auto-add-to-cart\/blocks\/app-embed\/0f7d4f74-1e89-4820-aec4-6564d7e535d2","disabled":false,"settings":{"version":"v3"}},"573254258818049612":{"type":"shopify:\/\/apps\/crazy-egg\/blocks\/app-embed\/7ea73823-6ad9-4252-a63e-088397d54aed","disabled":false,"settings":{}},"16259702509979192308":{"type":"shopify:\/\/apps\/coupon-discount-on-cart\/blocks\/voila_new_theme\/41ea0aaa-9bb3-4283-8fe9-9a18db60eec3","disabled":true,"settings":{"cpn_filed_css":"background-color: black; \ncolor: white;\nfont-size: 14px;","cpn_filed_button_bg_hover_color":"background-color: black;\ncolor: white;","applied_coupon_css":"background-color: rgba(113, 113, 113, .11);\npadding: 4px;\nborder-radius: 4px;\nline-height: 20px;\nmargin-left:0px !important;","applied_succes_msg_css":"color:#769e46;","coupon_after_checked_css":"color:#71a326;\nborder-color:#71a326;"}}}},"presets":{"Allure":{"heading_color":"#1c1b1b","text_color":"#1c1b1b","text_light_color":"#6a6a6a","link_color":"#6a6a6a","background":"#efefef","light_background":"#ffffff","product_on_sale_color":"#f94c43","button_background":"#1c1b1b","button_text_color":"#ffffff","header_background":"#ffffff","header_heading_color":"#1c1b1b","header_light_color":"#6a6a6a","footer_background":"#ffffff","footer_heading_color":"#1c1b1b","footer_text_color":"#6a6a6a","newsletter_popup_background":"#1c1b1b","newsletter_popup_text_color":"#ffffff","secondary_elements_background":"#1c1b1b","secondary_elements_text_color":"#ffffff","navigation_background":"#1c1b1b","navigation_text_color":"#ffffff","heading_font":"montserrat_n5","heading_size":"small","uppercase_heading":true,"text_font":"nunito_sans_n4","base_text_font_size":14,"show_page_transition":false,"search_mode":"product,article","product_show_price_on_hover":false,"product_show_secondary_image":false,"product_info_alignment":"center","product_image_size":"natural","product_list_horizontal_spacing":"medium","product_list_vertical_spacing":"small","cart_type":"drawer","cart_enable_notes":true,"cart_show_free_shipping_threshold":false,"cart_free_shipping_threshold":"50","checkout_logo_position":"center","checkout_logo_size":"small","checkout_body_background_color":"#ffffff","checkout_input_background_color_mode":"white","checkout_sidebar_background_color":"#efefef","checkout_accent_color":"#1c1b1b","checkout_button_color":"#1c1b1b","sections":{"sidebar-menu":{"type":"sidebar-menu","settings":{"primary_menu":"main-menu","show_social_media":true}},"announcement":{"type":"announcement","settings":{"background":"#000000","text_color":"#ffffff","content":"Announce something here"}},"header":{"type":"header","settings":{"use_sticky_header":true,"logo_max_width":140,"navigation_menu":"main-menu","navigation_style":"inline","enable_transparent_header":true,"transparent_text_color":"#ffffff"}},"footer":{"type":"footer","blocks":{"footer-0":{"type":"text","settings":{"title":"About the shop","content":"<p>Use this text area to tell your customers about your brand and vision. You can change it in the theme settings.<\/p>","show_social_media":true}},"footer-1":{"type":"links","settings":{"menu":"footer"}},"footer-2":{"type":"newsletter","settings":{"title":"Newsletter","content":"<p>Subscribe to receive updates, access to exclusive deals, and more.<\/p>"}}},"block_order":["footer-0","footer-1","footer-2"],"settings":{"show_payment_methods":true}}}},"Couture":{"heading_color":"#5c5c5c","text_color":"#5c5c5c","text_light_color":"#939393","link_color":"#323232","background":"#ffffff","light_background":"#ffffff","product_on_sale_color":"#f94c43","button_background":"#5c5c5c","button_text_color":"#ffffff","header_background":"#ffffff","header_heading_color":"#5c5c5c","header_light_color":"#939393","footer_background":"#ffffff","footer_heading_color":"#5c5c5c","footer_text_color":"#939393","newsletter_popup_background":"#ffffff","newsletter_popup_text_color":"#1c1b1b","secondary_elements_background":"#5c5c5c","secondary_elements_text_color":"#ffffff","navigation_background":"#ffffff","navigation_text_color":"#5c5c5c","heading_font":"futura_n4","heading_size":"large","uppercase_heading":false,"text_font":"century_gothic_n4","base_text_font_size":15,"show_page_transition":false,"search_mode":"product,article","product_show_price_on_hover":true,"product_show_secondary_image":false,"product_info_alignment":"left","product_image_size":"natural","product_list_horizontal_spacing":"small","product_list_vertical_spacing":"small","cart_type":"drawer","cart_enable_notes":true,"cart_show_free_shipping_threshold":false,"cart_free_shipping_threshold":"50","checkout_logo_position":"center","checkout_logo_size":"small","checkout_body_background_color":"#fff","checkout_input_background_color_mode":"white","checkout_sidebar_background_color":"#fafafa","checkout_accent_color":"#323232","checkout_button_color":"#5c5c5c","sections":{"sidebar-menu":{"type":"sidebar-menu","settings":{"primary_menu":"main-menu","show_social_media":true}},"announcement":{"type":"announcement","settings":{"background":"#f3f3f3","text_color":"#5c5c5c","content":"Announce something here"}},"header":{"type":"header","settings":{"use_sticky_header":true,"logo_max_width":140,"navigation_menu":"main-menu","navigation_style":"center","enable_transparent_header":true,"transparent_text_color":"#ffffff"}},"footer":{"type":"footer","blocks":{"footer-0":{"type":"text","settings":{"title":"About the shop","content":"<p>Use this text area to tell your customers about your brand and vision. You can change it in the theme settings.<\/p>","show_social_media":true}},"footer-1":{"type":"links","settings":{"menu":"footer"}},"footer-2":{"type":"newsletter","settings":{"title":"Newsletter","content":"<p>Subscribe to receive updates, access to exclusive deals, and more.<\/p>"}}},"block_order":["footer-0","footer-1","footer-2"],"settings":{"show_payment_methods":true}}}},"Vogue":{"heading_color":"#303030","text_color":"#303030","text_light_color":"#595959","link_color":"#000000","background":"#ffffff","light_background":"#ffffff","product_on_sale_color":"#f94c43","button_background":"#f5db8b","button_text_color":"#303030","header_background":"#ffffff","header_heading_color":"#303030","header_light_color":"#595959","footer_background":"#ffffff","footer_heading_color":"#303030","footer_text_color":"#595959","navigation_background":"#ffffff","navigation_text_color":"#303030","newsletter_popup_background":"#ffffff","newsletter_popup_text_color":"#303030","secondary_elements_background":"#fce7a8","secondary_elements_text_color":"#303030","heading_font":"din_neuzeit_grotesk_n3","heading_size":"small","uppercase_heading":true,"text_font":"futura_n4","base_text_font_size":14,"show_page_transition":false,"show_element_staggering":false,"search_mode":"product,article","product_show_price_on_hover":true,"product_show_secondary_image":false,"product_info_alignment":"center","product_image_size":"natural","product_list_horizontal_spacing":"medium","product_list_vertical_spacing":"small","cart_type":"drawer","cart_enable_notes":true,"cart_show_free_shipping_threshold":false,"cart_free_shipping_threshold":"50","checkout_logo_position":"left","checkout_logo_size":"medium","checkout_body_background_color":"#fff","checkout_input_background_color_mode":"white","checkout_sidebar_background_color":"#fafafa","checkout_accent_color":"#a17c5e","checkout_button_color":"#454545","sections":{"sidebar-menu":{"type":"sidebar-menu","settings":{"primary_menu":"main-menu","show_social_media":true}},"announcement":{"type":"announcement","settings":{"background":"#f1e4d8","text_color":"#343434","content":"Announce something here"}},"header":{"type":"header","settings":{"use_sticky_header":true,"logo_max_width":140,"navigation_menu":"main-menu","navigation_style":"inline","enable_transparent_header":true,"transparent_text_color":"#ffffff"}},"footer":{"type":"footer","blocks":{"footer-0":{"type":"text","settings":{"title":"About the shop","content":"<p>Use this text area to tell your customers about your brand and vision. You can change it in the theme settings.<\/p>","show_social_media":true}},"footer-1":{"type":"links","settings":{"menu":"footer"}},"footer-2":{"type":"newsletter","settings":{"title":"Newsletter","content":"<p>Subscribe to receive updates, access to exclusive deals, and more.<\/p>"}}},"block_order":["footer-0","footer-1","footer-2"],"settings":{"show_payment_methods":true}}}}}}