{"sections":{"slideshow":{"type":"slideshow","blocks":{"slide-1":{"type":"image","disabled":true,"settings":{"image":"shopify:\/\/shop_images\/1920X650_21.jpg","mobile_image":"shopify:\/\/shop_images\/800X600_20.jpg","apply_overlay":false,"content_position":"bottomLeft","subheading":"","title":"","button_1_text":"","button_1_link":"https:\/\/bombayshavingcompany.com\/collections\/all-products-alliances?utm_source=D2C+Web+Links&utm_medium=TT-home-banner&utm_campaign=tuesday+temptation","button_2_text":"","button_2_link":""}},"slide-0":{"type":"image","settings":{"image":"shopify:\/\/shop_images\/Final_6c10321c-49fe-4406-9082-1a79fd3fb13a.jpg","mobile_image":"shopify:\/\/shop_images\/Final_Mobile_c652e9b3-9942-4b63-8057-7b6f363a0a17.jpg","apply_overlay":false,"content_position":"bottomLeft","subheading":"","title":"","button_1_text":"","button_1_link":"https:\/\/bombayshavingcompany.com\/pages\/trimmer?utm_source=D2C+Web+Links&utm_medium=home_banner_trimmer","button_2_text":"","button_2_link":""}},"c8020995-17d9-45cd-9d3e-bc02aba3dbdf":{"type":"image","disabled":true,"settings":{"image":"shopify:\/\/shop_images\/WebsiteBanner_Desktop_1.jpg","mobile_image":"shopify:\/\/shop_images\/WebsiteBanner_Mobile_1.jpg","apply_overlay":false,"content_position":"bottomLeft","subheading":"","title":"","button_1_text":"","button_1_link":"","button_2_text":"","button_2_link":""}},"67196537-fdd7-4650-8470-a114bb26a984":{"type":"image","settings":{"image":"shopify:\/\/shop_images\/Desktop_Banner_bcce153f-d634-493b-85d2-147d283e8712.jpg","mobile_image":"shopify:\/\/shop_images\/Mobile_Banner_9d5394bf-26c5-4aab-97c0-d0b070f39837.jpg","apply_overlay":false,"content_position":"bottomLeft","subheading":"","title":"","button_1_text":"","button_1_link":"https:\/\/bombayshavingcompany.com\/pages\/offers?utm_source=D2C+Web+Links&utm_medium=Game-Banner&utm_campaign=Play+%26+WIN","button_2_text":"","button_2_link":""}},"8b268c89-d396-4b9c-8f1a-e581bec09f64":{"type":"image","settings":{"image":"shopify:\/\/shop_images\/Main-Banner.jpg","mobile_image":"shopify:\/\/shop_images\/M-Banner.jpg","apply_overlay":false,"content_position":"bottomLeft","subheading":"","title":"","button_1_text":"","button_1_link":"https:\/\/bombayshavingcompany.com\/pages\/offers?utm_source=D2C+Web+Links&utm_medium=Game-Banner2&utm_campaign=Play+%26+WIN","button_2_text":"","button_2_link":""}}},"block_order":["slide-1","slide-0","c8020995-17d9-45cd-9d3e-bc02aba3dbdf","67196537-fdd7-4650-8470-a114bb26a984","8b268c89-d396-4b9c-8f1a-e581bec09f64"],"settings":{"show_fullscreen":false,"show_arrow":false,"autoplay":true,"cycle_speed":7,"text_color":"#ffffff","button_color":"#363636","button_background":"#ffffff"}},"featured-collections":{"type":"featured-collections","blocks":{"featured-collection-0":{"type":"collection","settings":{"collection":"best-seller","title":"Best Sellers","grid_items_count":4,"button_text":"View all Best Sellers"}}},"block_order":["featured-collection-0"],"settings":{"bg":"linear-gradient(0deg, rgb(99 195 255 \/ 45%), rgba(255, 255, 255, 1) 100%)","hcl":"","title":"","layout_mode":"grid","show_product_info":true,"show_vendor":false,"show_color_swatch":false,"grid_mobile_items_per_row":"2","grid_desktop_items_per_row":4}},"16512136406a04725e":{"type":"featured-collections","blocks":{"1651213640f26c0003-0":{"type":"collection","settings":{"collection":"new-arrival","title":"New Arrivals","grid_items_count":4,"button_text":"View all New Arrivals"}}},"block_order":["1651213640f26c0003-0"],"settings":{"bg":"linear-gradient(180deg, rgb(99 195 255 \/ 45%), rgba(255, 255, 255, 1) 100%)","hcl":"","title":"","layout_mode":"grid","show_product_info":true,"show_vendor":false,"show_color_swatch":false,"grid_mobile_items_per_row":"2","grid_desktop_items_per_row":4}},"1661403247c6d1fca2":{"type":"firework-embed","settings":{"layout":"carousel","channel":"bombay_shaving_company145883400","playlist":"","hashtag":"","size":"large","player_placement":"bottom-right","open_in":"_modal","floating_button_cta_text":"","floating_button_cta_link":"","vertical_offset":0,"horzontal_offset":0,"pip":false}},"165347412692254ad1":{"type":"collection-list","blocks":{"165347412694319f85-0":{"type":"collection","settings":{"collection":"shave","image":"shopify:\/\/shop_images\/PSRS.jpg","image_alignment":"center center","content_position":"bottomLeft","subheading":"","title":"Shave Care","button_text":"Shop now","button_link":"","apply_overlay":true}},"165347412694319f85-1":{"type":"collection","settings":{"collection":"mens-beardcare-products","image":"shopify:\/\/shop_images\/BeardCare_1.jpg","image_alignment":"center center","content_position":"bottomLeft","subheading":"","title":"Beard Care","button_text":"Shop now","button_link":"","apply_overlay":true}},"165347412694319f85-2":{"type":"collection","settings":{"collection":"hair-care-products","image":"shopify:\/\/shop_images\/HairCare_499c6fbf-f663-4da7-9fc3-d0158a4a7eb3.jpg","image_alignment":"center center","content_position":"bottomLeft","subheading":"","title":"Hair Care","button_text":"Shop now","button_link":"","apply_overlay":true}},"aa9b315c-b6ba-4f82-96ec-5ffd03fea8fb":{"type":"collection","settings":{"collection":"skin-care-products","image":"shopify:\/\/shop_images\/SkinCare_5e363e91-e0a9-4718-bc7f-79971b2e912a.jpg","image_alignment":"center center","content_position":"bottomLeft","subheading":"","title":"Skin Care","button_text":"Shop now","button_link":"","apply_overlay":true}},"9a045e72-f379-410b-acba-65a6a1dde4c2":{"type":"collection","settings":{"collection":"bath-care","image":"shopify:\/\/shop_images\/BathCare.jpg","image_alignment":"center center","content_position":"bottomLeft","subheading":"","title":"Bath Care","button_text":"Shop now","button_link":"","apply_overlay":true}},"47b14e71-eb90-481c-9718-6cb98b4f31d9":{"type":"collection","settings":{"collection":"perfumes","image":"shopify:\/\/shop_images\/Perfume.jpg","image_alignment":"center center","content_position":"bottomLeft","subheading":"","title":"Perfumes","button_text":"Shop now","button_link":"shopify:\/\/collections\/perfumes","apply_overlay":true}}},"block_order":["165347412694319f85-0","165347412694319f85-1","165347412694319f85-2","aa9b315c-b6ba-4f82-96ec-5ffd03fea8fb","9a045e72-f379-410b-acba-65a6a1dde4c2","47b14e71-eb90-481c-9718-6cb98b4f31d9"],"settings":{"image_size":"small","add_spacing":false,"expand_collection":false,"stack_on_mobile":true,"text_color":"#ffffff","button_color":"#ffffff"}},"165874250444a81912":{"type":"featured-collections","blocks":{"1658742504255d33d5-0":{"type":"collection","settings":{"collection":"new-shave-care","title":"Shave Care","grid_items_count":4,"button_text":"View all products"}}},"block_order":["1658742504255d33d5-0"],"settings":{"bg":"","hcl":"","title":"","layout_mode":"grid","show_product_info":true,"show_vendor":false,"show_color_swatch":false,"grid_mobile_items_per_row":"2","grid_desktop_items_per_row":4}},"16587425630b5ed5c3":{"type":"featured-collections","blocks":{"16587425632de5d015-0":{"type":"collection","settings":{"collection":"new-beard-care","title":"Beard Care","grid_items_count":4,"button_text":"View all products"}}},"block_order":["16587425632de5d015-0"],"settings":{"bg":"","hcl":"","title":"","layout_mode":"grid","show_product_info":true,"show_vendor":false,"show_color_swatch":false,"grid_mobile_items_per_row":"2","grid_desktop_items_per_row":4}},"1658742662f1427ad0":{"type":"featured-collections","blocks":{"165874266228e05a8f-0":{"type":"collection","settings":{"collection":"new-skin-care","title":"Skin Care","grid_items_count":4,"button_text":"View all products"}}},"block_order":["165874266228e05a8f-0"],"settings":{"bg":"","hcl":"","title":"","layout_mode":"grid","show_product_info":true,"show_vendor":false,"show_color_swatch":false,"grid_mobile_items_per_row":"2","grid_desktop_items_per_row":4}},"165121474616655051":{"type":"testimonials","blocks":{"16512147463b729988-2":{"type":"testimonial","settings":{"logo":"shopify:\/\/shop_images\/612FpL6kFbL_200x_437b6247-a4df-4057-b12e-bdf0e50f379f.webp","quote":"<p>This is a brilliant product. This product is rich with the goodness of onion which is proven to be beneficial for the hair follicles. This is perfectly suitable for people having patchy beards. After a few weeks of usage the change is visible. The product has a good fragrance. It also moisturises the beard and makes it soft. The product is also beneficial for people having beard ruffs and makes the beard strong. I recommend this product to all my friends who want a thicker and a strong beard with zero patches.<\/p>"}},"16512147463b729988-0":{"type":"testimonial","settings":{"logo":"shopify:\/\/shop_images\/610K0vxIrJL_200x_553f567b-0cf2-4ab1-8ffb-bec0b47c9ada.webp","quote":"<p>I have really sensitive skin and being a professional I have to shave daily which leads to sore skin, especially during summer when you tend to sweat a lot. But no more sore, painful chin as this after shave balm gives the ultimate soothing effect and its long lasting rehydration makes your day. Just take a dollop of balm and massage only the shaved area for a few seconds till it dries.<\/p>"}},"16512147463b729988-1":{"type":"testimonial","settings":{"logo":"shopify:\/\/shop_images\/61Bd-kYB6gL._SL1600_200x_e5af0597-2fb5-4898-8002-99d74f45e6b8.webp","quote":"<p>The six pieces set is a good variety as far as the value of this product is concerned. I  use beard butter regularly and it's very useful and makes my beard very soft. Moreover, the different types of oils in the kit have a very good smell which makes my face even more attractive. For me, quantity is not the concern if the quality is good and this is really nice and with this amazing packaging I'll gift it to my brother as well.<\/p>"}}},"block_order":["16512147463b729988-2","16512147463b729988-0","16512147463b729988-1"],"settings":{"autoplay":true,"cycle_speed":4,"background":"#d9edff","text_color":"#1c1b1b"}},"28c929e4-7e35-486a-9cc0-3e0aa94530a5":{"type":"single-banner","blocks":{"d05ffd11-2259-4041-b24f-b72672060e2d":{"type":"testimonial","settings":{"imags":"shopify:\/\/shop_images\/WebsiteBanner_Desktop_1_1800x_c3d71c0a-63ad-44d2-ba42-4fd2cc645cb9.webp","imags2":"shopify:\/\/shop_images\/WebsiteBanner_Mobile_1_x800_313fb7e0-d4e2-444b-8ee7-70b3ac0b548e.webp","linkk":""}}},"block_order":["d05ffd11-2259-4041-b24f-b72672060e2d"],"settings":{}},"16534613392fca52ec":{"type":"usp","settings":{}},"165658871236433278":{"type":"apps","blocks":{"9b2832ec-dd09-48ad-a36a-f404910272d5":{"type":"shopify:\/\/apps\/instafeed-instagram-feed\/blocks\/app-block\/c447db20-095d-4a10-9725-b5977662c9d5","settings":{"heading_size":10,"feed_width":100,"html_area":""}}},"block_order":["9b2832ec-dd09-48ad-a36a-f404910272d5"],"settings":{"include_margins":false,"evm_widgets":false}},"16611688417918010e":{"type":"apps","disabled":true,"settings":{"include_margins":true,"evm_widgets":false}}},"order":["slideshow","featured-collections","16512136406a04725e","1661403247c6d1fca2","165347412692254ad1","165874250444a81912","16587425630b5ed5c3","1658742662f1427ad0","165121474616655051","28c929e4-7e35-486a-9cc0-3e0aa94530a5","16534613392fca52ec","165658871236433278","16611688417918010e"]}