{"sections":{"main":{"type":"main-page","disabled":true,"settings":{"show_large":false}},"1653306965ed18071b":{"type":"collection-list","blocks":{"16533069654a695422-0":{"type":"collection","settings":{"collection":"","image":"shopify:\/\/shop_images\/Top_-_Page_-_Images_0002_20210119_sa0100.jpg","image_alignment":"center center","content_position":"bottomLeft","subheading":"Shop","title":"Curated Gifting Options","button_text":"Shop now","button_link":"shopify:\/\/collections\/premium-gifts","apply_overlay":true}},"16533069654a695422-2":{"type":"collection","settings":{"collection":"","image":"shopify:\/\/shop_images\/Top_-_Page_-_Images_0000__2000_copy.jpg","image_alignment":"center center","content_position":"bottomLeft","subheading":"Not sure what to Gift","title":"Buy Gift Cards","button_text":"Shop now","button_link":"shopify:\/\/products\/e-gift-card","apply_overlay":true}},"16533069654a695422-1":{"type":"collection","settings":{"collection":"","image":"shopify:\/\/shop_images\/Untitled1.jpg","image_alignment":"center center","content_position":"bottomLeft","subheading":"Coming Soon","title":"Curate your own box","button_text":"COMING SOON","button_link":"","apply_overlay":true}}},"block_order":["16533069654a695422-0","16533069654a695422-2","16533069654a695422-1"],"settings":{"image_size":"small","add_spacing":true,"expand_collection":false,"stack_on_mobile":false,"text_color":"#ffffff","button_color":"#ffffff"}},"1658232278277dbe5f":{"type":"featured-collections","disabled":true,"blocks":{"16582322770ff2fe7f-0":{"type":"collection","settings":{"collection":"rakhi-gift-for-brothers","title":"","grid_items_count":8,"button_text":"View all products"}}},"block_order":["16582322770ff2fe7f-0"],"settings":{"bg":"","hcl":"","title":"Exclusive","layout_mode":"grid","show_product_info":true,"show_vendor":false,"show_color_swatch":false,"grid_mobile_items_per_row":"2","grid_desktop_items_per_row":4}},"16533069910cb6528a":{"type":"featured-collections","blocks":{"16533069913c30b38b-0":{"type":"collection","settings":{"collection":"premium-gifts","title":"Curated gifting Products","grid_items_count":6,"button_text":"View all products"}}},"block_order":["16533069913c30b38b-0"],"settings":{"bg":"","hcl":"","title":"Explore Now","layout_mode":"carousel","show_product_info":true,"show_vendor":false,"show_color_swatch":false,"grid_mobile_items_per_row":"2","grid_desktop_items_per_row":4}},"16533078699130d05f":{"type":"slideshow","disabled":true,"blocks":{"1653307869ee6804d8-0":{"type":"image","settings":{"image":"shopify:\/\/shop_images\/Website_Banner_2.jpg","mobile_image":"shopify:\/\/shop_images\/Mobile_Banner_2.jpg","apply_overlay":false,"content_position":"bottomLeft","subheading":"","title":"","button_1_text":"","button_1_link":"","button_2_text":"","button_2_link":""}}},"block_order":["1653307869ee6804d8-0"],"settings":{"show_fullscreen":false,"show_arrow":false,"autoplay":true,"cycle_speed":5,"text_color":"#ffffff","button_color":"#363636","button_background":"#ffffff"}},"165330808307587eef":{"type":"featured-product","blocks":{"1653308083a52f6492-0":{"type":"product_meta","settings":{"show_vendor":false,"show_sku":false,"show_product_rating":false,"show_taxes_included":false}},"1653308083a52f6492-2":{"type":"variant_selector","settings":{"selector_mode":"dropdown","show_color_swatch":false,"show_color_carousel":false,"size_chart":""}},"1653308083a52f6492-3":{"type":"buy_buttons","settings":{"show_price_in_button":false,"show_payment_button":false}}},"block_order":["1653308083a52f6492-0","1653308083a52f6492-2","1653308083a52f6492-3"],"settings":{"subheading":"","title":"Still not sure what to buy, get our fail proof gifting solution our gift vouchers","show_headings_on_mobile":true,"product":"e-gift-card"}}},"order":["main","1653306965ed18071b","1658232278277dbe5f","16533069910cb6528a","16533078699130d05f","165330808307587eef"]}