{"sections":{"main":{"type":"main-page","disabled":true,"settings":{"show_large":false}},"1653300728fe3e15d7":{"type":"slideshow","blocks":{"1653300728c8a20901-0":{"type":"image","settings":{"image":"shopify:\/\/shop_images\/Desktop_Banner.jpg","mobile_image":"shopify:\/\/shop_images\/Top_Banner.jpg","apply_overlay":false,"content_position":"bottomLeft","subheading":"","title":"","button_1_text":"","button_1_link":"","button_2_text":"","button_2_link":""}}},"block_order":["1653300728c8a20901-0"],"settings":{"show_fullscreen":false,"show_arrow":false,"autoplay":true,"cycle_speed":5,"text_color":"#ffffff","button_color":"#363636","button_background":"#ffffff"}},"16533008468ae6ca1d":{"type":"foam","settings":{}},"1653301240e19f5708":{"type":"testimonials","blocks":{"16533012397d8d3afc-0":{"type":"testimonial","settings":{"quote":"<p><strong>Shailesh Rai<\/strong><\/p><p>I've been using shaving foams for the last 25 years and have used nearly all brands like Gillette, Park Avenue, Old Spice, VI John, Aspen, Nivea etc. But this one is the finest of them all. Very smooth, very silky and very refreshing.<\/p>"}},"16533012397d8d3afc-1":{"type":"testimonial","settings":{"quote":"<p><strong>Gaurav Gupta<\/strong><\/p><p>Very light and gentle shaving foam unlike most shaving foams, I highly recommend this for anyone with sensitive skin. Love the fresh scent and after shave feel of this product.<\/p>"}},"16533012397d8d3afc-2":{"type":"testimonial","settings":{"quote":"<p><strong>Vikrant<\/strong><\/p><p>So I ordered this a few days back and I am a person who shaves daily. I actually felt easy to shave this time because of its extra softness. The fragrance is really manly and strong.<\/p>"}}},"block_order":["16533012397d8d3afc-0","16533012397d8d3afc-1","16533012397d8d3afc-2"],"settings":{"autoplay":true,"cycle_speed":5,"background":"#ffffff","text_color":"#1c1b1b"}}},"order":["main","1653300728fe3e15d7","16533008468ae6ca1d","1653301240e19f5708"]}