{"sections":{"main":{"type":"main-page","disabled":true,"settings":{"show_large":false}},"1657523681299f51d6":{"type":"animated-counters","disabled":true,"settings":{}},"1658146032e57dc6a8":{"type":"slideshow","blocks":{"165814603259f9161a-1":{"type":"image","settings":{"image":"shopify:\/\/shop_images\/GreyTrimmer_Desktop_Banner.jpg","mobile_image":"shopify:\/\/shop_images\/GreyTrimmer_Mobile_Banner.jpg","apply_overlay":false,"content_position":"bottomLeft","subheading":"","title":"","button_1_text":"","button_1_link":"","button_2_text":"","button_2_link":""}},"e177d2ee-392c-454a-a1f3-2c795b99aca9":{"type":"image","settings":{"image":"shopify:\/\/shop_images\/BlueTrimmer_Desktop_Banner.jpg","mobile_image":"shopify:\/\/shop_images\/BlueTrimmer_Mobile_Banner.jpg","apply_overlay":false,"content_position":"bottomLeft","subheading":"","title":"","button_1_text":"","button_1_link":"","button_2_text":"","button_2_link":""}},"165814603259f9161a-0":{"type":"image","settings":{"image":"shopify:\/\/shop_images\/AllTrimmer_Desktop_Banner.jpg","mobile_image":"shopify:\/\/shop_images\/AllTrimmer_Mobile_Banner.jpg","apply_overlay":false,"content_position":"bottomLeft","subheading":"","title":"","button_1_text":"","button_1_link":"","button_2_text":"","button_2_link":""}}},"block_order":["165814603259f9161a-1","e177d2ee-392c-454a-a1f3-2c795b99aca9","165814603259f9161a-0"],"settings":{"show_fullscreen":false,"show_arrow":false,"autoplay":true,"cycle_speed":5,"text_color":"#ffffff","button_color":"#363636","button_background":"#ffffff"}},"16583168659f0a19b9":{"type":"featured-product","blocks":{"1658316865bbd048c8-0":{"type":"product_meta","settings":{"show_vendor":false,"show_sku":false,"show_product_rating":false,"show_taxes_included":false}},"ea0ac576-c4d3-4380-b2bd-337aa2b2e3ba":{"type":"text","settings":{"text":"<p>Free Shipping on all orders above Rs 499<\/p><p><a href=\"#shopify-section-template--15653834948762__16583135865422a0e1\" title=\"#shopify-section-template--15653834948762__16583135865422a0e1\"><strong>Also comes in Black <\/strong><em>click here...<\/em><\/a><\/p>"}},"1658316865bbd048c8-1":{"type":"share_buttons","disabled":true,"settings":{}},"1658316865bbd048c8-2":{"type":"variant_selector","settings":{"selector_mode":"dropdown","show_color_swatch":false,"show_color_carousel":false,"size_chart":""}},"1658316865bbd048c8-3":{"type":"buy_buttons","settings":{"show_price_in_button":false,"show_payment_button":false}}},"block_order":["1658316865bbd048c8-0","ea0ac576-c4d3-4380-b2bd-337aa2b2e3ba","1658316865bbd048c8-1","1658316865bbd048c8-2","1658316865bbd048c8-3"],"settings":{"subheading":"","title":"","show_headings_on_mobile":true,"product":"blue-trimmer"}},"1658317434ecc4ce78":{"type":"accordian3","blocks":{"dc2e1a94-39f4-4eed-bcbd-f5fb924f0488":{"type":"testimonial","settings":{"que":"WHAT MAKES IT SPECIAL?","ans":"<p>Forget about waiting long hours just to get your trimmer fully charged. Presenting the electrifying BLUE trimmer that understands and delivers just what you need - 2 hours of complete charge time that go on for 15 flawless trims. Backed with modern aesthetic design in a vibrant shade of blue to create endless looks at home!<\/p>","open":true}},"e15f640b-3df2-4d64-acb6-c5039359d528":{"type":"testimonial","settings":{"que":"FEATURES","ans":"<p>Best in segment battery performance of 90 minutes with just 2 Hours of charging<\/p><p>No more waiting for 8 hours to get fully charged <\/p><p>- Built-in self-sharpening stainless-steel blades<\/p><p>- Comes with 4 attachable trimmer combs in 3mm, 6mm, 9mm and 12mm for customized beard lengths<\/p><p>- Sleek Design with a comfortable grip<\/p><p>- 1 USB Fast charging Cable<\/p><p>- 1 Cleaning Brush<\/p><p>- 1 Year Warranty<\/p>","open":false}}},"block_order":["dc2e1a94-39f4-4eed-bcbd-f5fb924f0488","e15f640b-3df2-4d64-acb6-c5039359d528"],"settings":{}},"165814632253b50fe5":{"type":"featured-product","blocks":{"bd2d0f6b-f1d1-4a61-9b27-f8f545b578cd":{"type":"product_meta","settings":{"show_vendor":false,"show_sku":false,"show_product_rating":false,"show_taxes_included":false}},"bd1159e0-1eb7-4622-acbd-27699382ca84":{"type":"text","settings":{"text":"<p>Free Shipping on all orders above Rs 499<\/p>"}},"165814632255a4125c-2":{"type":"variant_selector","settings":{"selector_mode":"dropdown","show_color_swatch":false,"show_color_carousel":false,"size_chart":""}},"d6894bcb-9de0-43de-912f-829616478bd5":{"type":"quantity_selector","disabled":true,"settings":{"show_label":false}},"165814632255a4125c-3":{"type":"buy_buttons","settings":{"show_price_in_button":false,"show_payment_button":false}},"c6b549a2-5283-43f0-bf77-52f1f399c0ac":{"type":"description","settings":{}}},"block_order":["bd2d0f6b-f1d1-4a61-9b27-f8f545b578cd","bd1159e0-1eb7-4622-acbd-27699382ca84","165814632255a4125c-2","d6894bcb-9de0-43de-912f-829616478bd5","165814632255a4125c-3","c6b549a2-5283-43f0-bf77-52f1f399c0ac"],"settings":{"subheading":"","title":"","show_headings_on_mobile":false,"product":"grey-trimmer"}},"165829810901f74208":{"type":"accordion","blocks":{"20db462b-d279-4540-bb7b-46055a52e0d5":{"type":"testimonial","settings":{"que":"WHAT MAKES IT SPECIAL?","ans":"<p>A versatile 2-in-1 beard trimmer that is a definite frontrunner in the segment, with its elegant design and sleek dock charging mechanism. What makes it even more desirable is its impressive battery performance of 80 minutes on a full-charge time of 2 hours. <\/p>","open":true}},"966059bc-2c76-415a-9b7d-36d1ba36cfab":{"type":"testimonial","settings":{"que":"FEATURES","ans":"<p>- 80 minutes of run time on 2 hours of full charge, translating to 5 weeks of use on a single charge.<\/p><p>- Dock Charging on a sleek USB-powered charging pod that also doubles up as a stand <\/p><p>- Elegant full-metal body design <\/p><p>- Washable blades with IPX6 water resistance <\/p><p>- T-shaped blades for precision <\/p><p>Comes with 4 attachable beard combs in 3mm, 6mm, 9mm and 12mm length adjustments<\/p><p>2+1 years warranty <\/p>","open":false}}},"block_order":["20db462b-d279-4540-bb7b-46055a52e0d5","966059bc-2c76-415a-9b7d-36d1ba36cfab"],"settings":{}},"165814644249e1f2f9":{"type":"featured-product","blocks":{"1658146442fea55dee-0":{"type":"product_meta","settings":{"show_vendor":false,"show_sku":false,"show_product_rating":false,"show_taxes_included":false}},"45b6c97f-1084-4676-8208-914517df4b38":{"type":"text","settings":{"text":"<p>Free Shipping on all orders above Rs 499<\/p>"}},"1658146442fea55dee-2":{"type":"variant_selector","settings":{"selector_mode":"dropdown","show_color_swatch":false,"show_color_carousel":false,"size_chart":""}},"9ff86d40-9454-43d0-bbec-cdadd9e50124":{"type":"quantity_selector","disabled":true,"settings":{"show_label":false}},"1658146442fea55dee-3":{"type":"buy_buttons","settings":{"show_price_in_button":false,"show_payment_button":false}},"7134c08e-1155-42dd-943c-35ec7d0573be":{"type":"description","settings":{}}},"block_order":["1658146442fea55dee-0","45b6c97f-1084-4676-8208-914517df4b38","1658146442fea55dee-2","9ff86d40-9454-43d0-bbec-cdadd9e50124","1658146442fea55dee-3","7134c08e-1155-42dd-943c-35ec7d0573be"],"settings":{"subheading":"","title":"","show_headings_on_mobile":false,"product":"beard-trimmer"}},"16583135865422a0e1":{"type":"accordion2","blocks":{"33718ead-5ad4-4585-81b6-a06772aa9c0e":{"type":"testimonial","settings":{"que":"WHAT MAKES IT SPECIAL?","ans":"<p>A compact design cordless beard trimmer with flash charging and 20 length settings, it offers one of the best battery performances in the segment with just 1.5 hours of charging.<\/p>","open":true}},"30ada528-1240-4ee4-a1c8-031494e9fd55":{"type":"testimonial","settings":{"que":"FEATURES","ans":"<p>- 80 minutes of run time with 1.5 hours of charging <\/p><p>- Flash USB charging <\/p><p>- Non-rusting stainless steel blades <\/p><p>- Offers 20 length settings for 0 – 20mm of beard lengths<\/p><p>- Comes with 2 adjustable beard combs <\/p><p>- 2 years warranty <\/p><p>- Comes with smart lock feature for convenience and accuracy <\/p>","open":false}}},"block_order":["33718ead-5ad4-4585-81b6-a06772aa9c0e","30ada528-1240-4ee4-a1c8-031494e9fd55"],"settings":{}},"16583170374325b179":{"type":"featured-product","blocks":{"1658317037430881af-0":{"type":"product_meta","settings":{"show_vendor":false,"show_sku":false,"show_product_rating":false,"show_taxes_included":false}},"692b5cca-ac99-47d7-84e9-a27af196a551":{"type":"text","settings":{"text":"<p>Free Shipping on all orders above Rs 499<\/p>"}},"1658317037430881af-1":{"type":"share_buttons","disabled":true,"settings":{}},"1658317037430881af-2":{"type":"variant_selector","settings":{"selector_mode":"dropdown","show_color_swatch":false,"show_color_carousel":false,"size_chart":""}},"1658317037430881af-3":{"type":"buy_buttons","settings":{"show_price_in_button":false,"show_payment_button":false}}},"block_order":["1658317037430881af-0","692b5cca-ac99-47d7-84e9-a27af196a551","1658317037430881af-1","1658317037430881af-2","1658317037430881af-3"],"settings":{"subheading":"","title":"","show_headings_on_mobile":true,"product":"black-trimmer"}},"16583175884829c2ef":{"type":"accordian4","blocks":{"c519f978-1e5d-49c4-bd50-e5bc73fc13ee":{"type":"testimonial","settings":{"que":"WHAT MAKES IT SPECIAL?","ans":"<p>A compact design cordless beard trimmer with flash charging and 20 length settings, it offers one of the best battery performances in the segment with just 1.5 hours of charging.<\/p>","open":false}},"ef69f271-405e-4424-b490-47e153354397":{"type":"testimonial","settings":{"que":"FEATURES","ans":"<p>- 80 minutes of run time with 1.5 hours of charging <\/p><p>- Flash USB charging <\/p><p>- Non-rusting stainless steel blades <\/p><p> - Offers 20 length settings for 20mm of beard lengths<\/p><p>- Comes with 2 adjustable beard combs <\/p><p>- 2 years warranty <\/p><p>- Comes with smart lock feature for convenience and accuracy <\/p>","open":false}}},"block_order":["c519f978-1e5d-49c4-bd50-e5bc73fc13ee","ef69f271-405e-4424-b490-47e153354397"],"settings":{}},"16582985228d76c470":{"type":"blog-posts","blocks":{"16582985225850256e-0":{"type":"blog","settings":{"blog":"beard-care"}}},"block_order":["16582985225850256e-0"],"settings":{"subheading":"","title":"From our Blog","show_category":false,"button_link":"shopify:\/\/blogs\/beard-care","button_text":"View all articles"}},"1658298677a6c5c9b8":{"type":"testimonials","blocks":{"1658298677d92a5176-0":{"type":"testimonial","settings":{"quote":"<p>I wasn’t very sure about switching brands from Philips but I desperately needed a trimmer that didn’t take 7-8 hours to charge (ridiculous, right?). And I’m glad that I made that switch because this one actually gets charged in even lesser time than it claims. Maybe because it wasn’t fully discharged… But totally loving this. Great performance too. <\/p><p>Karthik Pathak, Ahmedabad<\/p>"}},"1658298677d92a5176-1":{"type":"testimonial","settings":{"quote":"<p>Good trimmer. Value for money. charges really fast.<\/p><p>Rakesh Jain, Jabalpur<\/p>"}},"1658298677d92a5176-2":{"type":"testimonial","settings":{"quote":"<p>Really value for money. It’s impossible to find these specs in this price range. Don’t think, just go for it!!! <\/p><p>Subhash Garg, Agra<\/p>"}}},"block_order":["1658298677d92a5176-0","1658298677d92a5176-1","1658298677d92a5176-2"],"settings":{"autoplay":true,"cycle_speed":5,"background":"#ffffff","text_color":"#1c1b1b"}},"165814649590c0ffc3":{"type":"newsletter","settings":{"section_size":"small","image":"shopify:\/\/shop_images\/BSC-cordless-trimmer-for-men_d164fad6-0968-4738-b464-b91926f78441.jpg","text_color":"#ffffff","button_color":"#ffffff","subheading":"SUBSCRIBE FOR NEWSLETTER","title":"JOIN NOW TO GET 20% OFF","content":"<p>Bombay Shaving Company is a premium personal care and grooming solutions brand committed to delivering truly remarkable customer experiences.<\/p>"}},"1658470949b46c8d31":{"type":"compare","settings":{}}},"order":["main","1657523681299f51d6","1658146032e57dc6a8","16583168659f0a19b9","1658317434ecc4ce78","165814632253b50fe5","165829810901f74208","165814644249e1f2f9","16583135865422a0e1","16583170374325b179","16583175884829c2ef","16582985228d76c470","1658298677a6c5c9b8","165814649590c0ffc3","1658470949b46c8d31"]}