{"sections":{"1657873378d44b14a4":{"type":"slideshow","blocks":{"1657873378b96eba1e-1":{"type":"image","settings":{"image":"shopify:\/\/shop_images\/Desktop_9c5bee3a-aab6-44f9-8088-9287da0a6e98.jpg","mobile_image":"shopify:\/\/shop_images\/Mobile_1_b1441980-1e9f-4b14-ad41-6c76258eda0e.jpg","apply_overlay":false,"content_position":"bottomLeft","subheading":"","title":"","button_1_text":"","button_1_link":"","button_2_text":"","button_2_link":""}},"1657873378b96eba1e-0":{"type":"image","disabled":true,"settings":{"image":"shopify:\/\/shop_images\/TopBanner_Desktop.jpg","mobile_image":"shopify:\/\/shop_images\/TopBanner_Mobile.jpg","apply_overlay":false,"content_position":"bottomLeft","subheading":"","title":"","button_1_text":"","button_1_link":"","button_2_text":"","button_2_link":""}}},"block_order":["1657873378b96eba1e-1","1657873378b96eba1e-0"],"settings":{"show_fullscreen":false,"show_arrow":false,"autoplay":false,"cycle_speed":3,"text_color":"#ffffff","button_color":"#363636","button_background":"#ffffff"}},"main":{"type":"main-page","disabled":true,"settings":{"show_large":false}},"1657876530b8392a5a":{"type":"rakhi","settings":{}}},"order":["1657873378d44b14a4","main","1657876530b8392a5a"]}