{"sections":{"main":{"type":"main-page","disabled":true,"settings":{"show_large":false}},"165666262348370df2":{"type":"image-with-text-block","settings":{"image":"shopify:\/\/shop_images\/Man-with-trimmer-comb-and-beard-comb.jpg","background":"#ffffff","text_color":"#1c1b1b","block_size":"large","title":"HOW TO USE BEARD TRIMMER COMBS?","content":"<p>Do you know how to use a trimmer comb? Learn that and everything else about trimmer combs, from their sizes to attaching them on your trimmer, and ...<\/p>","button_label":"Read now","button_link":"shopify:\/\/blogs\/beard-care\/how-to-use-beard-trimmer-combs-right","show_parallax":true}},"1656662560f58b6707":{"type":"blog-posts","blocks":{"16566625601c2de0b9-0":{"type":"blog","settings":{"blog":"beard-care"}}},"block_order":["16566625601c2de0b9-0"],"settings":{"subheading":"","title":"Beard","show_category":true,"button_link":"shopify:\/\/blogs\/beard-care","button_text":"View all articles"}},"1656662578b5662908":{"type":"blog-posts","blocks":{"16566625784e899dce-0":{"type":"blog","settings":{"blog":"shaving"}}},"block_order":["16566625784e899dce-0"],"settings":{"subheading":"","title":"Shaving","show_category":true,"button_link":"shopify:\/\/blogs\/shaving","button_text":"View all articles"}},"16597005517b4fe518":{"type":"blog-posts","blocks":{"165970055192d45617-0":{"type":"blog","settings":{"blog":"diy"}}},"block_order":["165970055192d45617-0"],"settings":{"subheading":"","title":"DIY","show_category":false,"button_link":"shopify:\/\/blogs\/diy","button_text":"View all articles"}}},"order":["main","165666262348370df2","1656662560f58b6707","1656662578b5662908","16597005517b4fe518"]}