{"sections":{"main":{"type":"main-page","disabled":true,"settings":{"show_large":false}},"1662634758c79acc19":{"type":"slideshow","blocks":{"14b587a4-92f2-4251-b086-bc5cd217d769":{"type":"image","settings":{"image":"shopify:\/\/shop_images\/Final_da960af6-5f38-41d3-918a-35d245638b9c.jpg","mobile_image":"shopify:\/\/shop_images\/Final_Mobile_f401e7e8-8997-4dc2-9938-e9b87032898f.jpg","apply_overlay":false,"content_position":"bottomLeft","subheading":"","title":"","button_1_text":"","button_1_link":"#section-template--15800285331610__1662634758c79acc19-end","button_2_text":"","button_2_link":""}},"16626347583edb2141-0":{"type":"image","settings":{"image":"shopify:\/\/shop_images\/FinalSignatureGrey_Banner_3cb011c8-f271-4476-bb84-4e35bd2e0744.jpg","mobile_image":"shopify:\/\/shop_images\/FinalSignatureGrey_BannerMobile_2_4cd410a0-90a8-4523-8111-0666f5fcb438.jpg","apply_overlay":false,"content_position":"bottomLeft","subheading":"","title":"","button_1_text":"","button_1_link":"#section-template--15800285331610__1662634758c79acc19-end","button_2_text":"","button_2_link":""}},"16626347583edb2141-1":{"type":"image","settings":{"image":"shopify:\/\/shop_images\/FinalOGBLACK_Banner_bb96c283-835f-4046-afae-5545d8cf10f9.jpg","mobile_image":"shopify:\/\/shop_images\/FinalOGBLACK_MobileBanner_967d9745-c2dd-4555-9ac6-5cc7b63f43e1.jpg","apply_overlay":false,"content_position":"bottomLeft","subheading":"","title":"","button_1_text":"","button_1_link":"#section-template--15800285331610__1662634758c79acc19-end","button_2_text":"","button_2_link":""}},"1a25502e-9786-4b9a-bf51-dd49c0d881d0":{"type":"image","settings":{"image":"shopify:\/\/shop_images\/FinalChrome_Banner_3a015909-ebb8-4907-b782-944f2f03cc01.jpg","mobile_image":"shopify:\/\/shop_images\/FinalChrome_BannerMobile.jpg","apply_overlay":false,"content_position":"bottomLeft","subheading":"","title":"","button_1_text":"","button_1_link":"#section-template--15800285331610__1662634758c79acc19-end","button_2_text":"","button_2_link":""}}},"block_order":["14b587a4-92f2-4251-b086-bc5cd217d769","16626347583edb2141-0","16626347583edb2141-1","1a25502e-9786-4b9a-bf51-dd49c0d881d0"],"settings":{"show_fullscreen":false,"show_arrow":false,"autoplay":true,"cycle_speed":5,"text_color":"#ffffff","button_color":"#363636","button_background":"#ffffff"}},"1662698901c424122a":{"type":"trimmer-slider","blocks":{"30617dc4-900b-40ea-ba4f-0d16feb7e385":{"type":"Product","settings":{"featured_product":"beard-trimmer","featured_image":"shopify:\/\/shop_images\/BlackTrimmer.png","featured_image2":"shopify:\/\/shop_images\/OG_Black_Trimmer.gif","quote":"Here's why Ranvijay likes this trimmer"}},"1fa07818-80ec-43d0-a243-c57728bf1a7c":{"type":"Product","settings":{"featured_product":"grey-trimmer","featured_image":"shopify:\/\/shop_images\/GreyTrimmer.png","featured_image2":"shopify:\/\/shop_images\/Signature_Grey.gif","quote":"Here's why Ranvijay likes this trimmer"}},"ff03014c-b722-423a-8171-4d88112c0172":{"type":"Product","settings":{"featured_product":"blue-trimmer","featured_image":"shopify:\/\/shop_images\/ChromeBlueTrimmer.png","featured_image2":"shopify:\/\/shop_images\/Electric_Blue.gif","quote":"Here's why Ranvijay likes this trimmer"}},"62869846-7dbb-493f-af62-191c1dc42402":{"type":"Product","settings":{"featured_product":"black-trimmer","featured_image":"shopify:\/\/shop_images\/ChromeBlackTrimmer.png","featured_image2":"shopify:\/\/shop_images\/Classic_Black.gif","quote":"Here's why Ranvijay likes this trimmer"}}},"block_order":["30617dc4-900b-40ea-ba4f-0d16feb7e385","1fa07818-80ec-43d0-a243-c57728bf1a7c","ff03014c-b722-423a-8171-4d88112c0172","62869846-7dbb-493f-af62-191c1dc42402"],"settings":{}},"16627032037dec46a6":{"type":"threeinarow","settings":{}},"1662635281c9226583":{"type":"firework-embed","settings":{"layout":"carousel","channel":"bombay_shaving_company145883400","playlist":"","hashtag":"","size":"large","player_placement":"bottom-right","open_in":"_modal","floating_button_cta_text":"","floating_button_cta_link":"","vertical_offset":0,"horzontal_offset":0,"pip":false}},"1662635306ed45f106":{"type":"blog-posts","blocks":{"1662635306f3e4b6dc-0":{"type":"blog","settings":{"blog":"beard-care"}}},"block_order":["1662635306f3e4b6dc-0"],"settings":{"subheading":"","title":"","show_category":false,"button_link":"","button_text":""}},"1662704788e3c19723":{"type":"trimmer-testimonials","settings":{}}},"order":["main","1662634758c79acc19","1662698901c424122a","16627032037dec46a6","1662635281c9226583","1662635306ed45f106","1662704788e3c19723"]}