{"sections":{"main":{"type":"main-page","disabled":true,"settings":{"show_large":false}},"1653301618c3ee2160":{"type":"slideshow","blocks":{"165330161896642b1a-0":{"type":"image","settings":{"image":"shopify:\/\/shop_images\/Desktop_Banner_1_e6ce3bb2-24ea-454b-9513-b46611ba3bed.jpg","mobile_image":"shopify:\/\/shop_images\/Top_Banner_3e7db2f6-9919-463c-adfe-cb645d1fbee2.jpg","apply_overlay":false,"content_position":"bottomLeft","subheading":"","title":"","button_1_text":"","button_1_link":"","button_2_text":"","button_2_link":""}}},"block_order":["165330161896642b1a-0"],"settings":{"show_fullscreen":false,"show_arrow":false,"autoplay":true,"cycle_speed":5,"text_color":"#ffffff","button_color":"#363636","button_background":"#ffffff"}},"16533016383e4de7eb":{"type":"foam2","settings":{}}},"order":["main","1653301618c3ee2160","16533016383e4de7eb"]}