{"sections":{"main":{"type":"main-page","disabled":true,"settings":{"show_large":false}},"1655983751f9862dbf":{"type":"hero-custom-slider","blocks":{"048179cf-0cde-4213-ab88-bd40810674f3":{"type":"testimonial","settings":{"image":"shopify:\/\/shop_images\/Fathers_Day.jpg","image2":"shopify:\/\/shop_images\/Fathers_Day_m.jpg","linkurl":""}},"d5941eed-c071-46ba-88c1-3535c82b7d48":{"type":"testimonial","settings":{"image":"shopify:\/\/shop_images\/Grooming_Solutions.jpg","image2":"shopify:\/\/shop_images\/Grooming_Solutions_m.jpg","linkurl":""}},"a56d170a-8d26-479a-9724-3d6a0eaf2f0a":{"type":"testimonial","settings":{"image":"shopify:\/\/shop_images\/Premium_Gifting_Solutions.jpg","image2":"shopify:\/\/shop_images\/Premium_Gifting_Solutions_m.jpg","linkurl":""}},"76e87330-8b41-42c9-b60c-e239ae875dac":{"type":"testimonial","settings":{"image":"shopify:\/\/shop_images\/Preferred_Gifting_Partner.jpg","image2":"shopify:\/\/shop_images\/Preferred_Gifting_Partner_m.jpg","linkurl":""}},"2e311209-3141-4028-b1a6-75b27f87092e":{"type":"testimonial","settings":{"image":"shopify:\/\/shop_images\/Customized_Corporate_Gifing.jpg","image2":"shopify:\/\/shop_images\/Customized_Corporate_Gifing_m.jpg","linkurl":""}}},"block_order":["048179cf-0cde-4213-ab88-bd40810674f3","d5941eed-c071-46ba-88c1-3535c82b7d48","a56d170a-8d26-479a-9724-3d6a0eaf2f0a","76e87330-8b41-42c9-b60c-e239ae875dac","2e311209-3141-4028-b1a6-75b27f87092e"],"settings":{}},"1655985105b2cc4a22":{"type":"brand-slider","blocks":{"30210998-0d6c-48ed-b993-1f6ababd9728":{"type":"testimonial","settings":{"image1":"shopify:\/\/shop_images\/PersonalisedSolutions.png","linkurl1":""}},"9542eabe-3bf8-4c72-97e6-65c5ce630f37":{"type":"testimonial","settings":{"image1":"shopify:\/\/shop_images\/NoMOQ.png","linkurl1":""}},"30dbb692-ddef-4075-8669-f0f8f1865d53":{"type":"testimonial","settings":{"image1":"shopify:\/\/shop_images\/MadeinIndia_70750f6a-d0ae-41f4-8dc7-a101eddc5347.png","linkurl1":""}},"fac59a1f-e69f-4bdd-a88a-1adf88c63162":{"type":"testimonial","settings":{"image1":"shopify:\/\/shop_images\/Co-BrandingSolutions.png","linkurl1":""}}},"block_order":["30210998-0d6c-48ed-b993-1f6ababd9728","9542eabe-3bf8-4c72-97e6-65c5ce630f37","30dbb692-ddef-4075-8669-f0f8f1865d53","fac59a1f-e69f-4bdd-a88a-1adf88c63162"],"settings":{}},"1655985215588db6cc":{"type":"slideshow","blocks":{"16559852158927e648-0":{"type":"image","settings":{"image":"shopify:\/\/shop_images\/Medium_Banner.jpg","mobile_image":"shopify:\/\/shop_images\/Medium_Banner_Mobile.jpg","apply_overlay":false,"content_position":"bottomLeft","subheading":"","title":"","button_1_text":"","button_1_link":"","button_2_text":"","button_2_link":""}}},"block_order":["16559852158927e648-0"],"settings":{"show_fullscreen":false,"show_arrow":false,"autoplay":false,"cycle_speed":5,"text_color":"#ffffff","button_color":"#363636","button_background":"#ffffff"}},"1655985515b830ffe5":{"type":"twoinarow","blocks":{"de2ac706-32b4-4ee2-90fd-0ca02cc0bd57":{"type":"testimonial","settings":{"image":"shopify:\/\/shop_images\/Shave_Care.jpg","linkurl":""}},"75eba5c9-1d19-4bf9-8fbf-548415937822":{"type":"testimonial","settings":{"image":"shopify:\/\/shop_images\/Beard_Care.jpg","linkurl":""}},"58991849-19d7-4958-9648-202bcad50b89":{"type":"testimonial","settings":{"image":"shopify:\/\/shop_images\/Hair_Care.jpg","linkurl":""}},"0d4805de-a46f-4150-bd08-aa80c083a766":{"type":"testimonial","settings":{"image":"shopify:\/\/shop_images\/Trimmer_with_Engraving.jpg","linkurl":""}},"0001f97d-bc89-4d3c-be1a-57fdca7f8b86":{"type":"testimonial","settings":{"image":"shopify:\/\/shop_images\/800x400_2_jpg.jpg","linkurl":""}},"c2bff9f4-f007-4aa0-a61a-e6ad08a381ef":{"type":"testimonial","settings":{"image":"shopify:\/\/shop_images\/800x400jpg.jpg","linkurl":""}}},"block_order":["de2ac706-32b4-4ee2-90fd-0ca02cc0bd57","75eba5c9-1d19-4bf9-8fbf-548415937822","58991849-19d7-4958-9648-202bcad50b89","0d4805de-a46f-4150-bd08-aa80c083a766","0001f97d-bc89-4d3c-be1a-57fdca7f8b86","c2bff9f4-f007-4aa0-a61a-e6ad08a381ef"],"settings":{}},"1655986775ed0d57c4":{"type":"testimonials","blocks":{"16559867759b24927e-0":{"type":"testimonial","settings":{"quote":"<p>No more sore, painful chin as this after shave balm gives the ultimate soothing effect and its long lasting rehydration makes your day. Just take a dollop of balm and massage only the shaved area for a few seconds till it dries.<\/p>"}},"16559867759b24927e-1":{"type":"testimonial","settings":{"quote":"<p>The six pieces set is a good variety as far as the value of this product is concerned. I  use beard butter regularly and it's very useful and makes my beard very soft. <\/p>"}},"16559867759b24927e-2":{"type":"testimonial","settings":{"quote":"<p>This is a brilliant product. This product is rich with the goodness of onion which is proven to be beneficial for the hair follicles. This is perfectly suitable for people having patchy beards.<\/p>"}}},"block_order":["16559867759b24927e-0","16559867759b24927e-1","16559867759b24927e-2"],"settings":{"autoplay":true,"cycle_speed":5,"background":"#ecf6ff","text_color":"#004584"}},"16559859143c9113c2":{"type":"text-with-image","settings":{"subheading":"Know about our brand better","title":"Download the brochure","image":"shopify:\/\/shop_images\/BSC-cordless-trimmer-for-men_d164fad6-0968-4738-b464-b91926f78441.jpg","image_position":"right","content":"<p>Bombay Shaving Company is a premium personal care and grooming solutions brand <\/p>","link_text":"Download now","link_url":"https:\/\/cdn.shopify.com\/s\/files\/1\/0459\/6563\/9834\/files\/B2B_UPDATED_BROCHURE_WITH_MRP_01_compressed.pdf?v=1655208651"}},"16560558297584f7a5":{"type":"logo-slider","blocks":{"ca107dde-3beb-44a3-b0af-448504a85f3a":{"type":"testimonial","disabled":true,"settings":{"image1":"shopify:\/\/shop_images\/philips_logo.jpg","linkurl1":""}},"9c23397c-227f-4811-afd8-3da9eaddbd7f":{"type":"testimonial","settings":{"image1":"shopify:\/\/shop_images\/lupin_logo.jpg","linkurl1":""}},"34c2d730-73ec-48e3-bc7f-27ebc27c868a":{"type":"testimonial","settings":{"image1":"shopify:\/\/shop_images\/Tablets-india-logo.png","linkurl1":""}},"e02c41e7-cf9e-43bb-9183-24f34d37a11f":{"type":"testimonial","settings":{"image1":"shopify:\/\/shop_images\/sun_pharma_logo.png","linkurl1":""}},"2432827d-1a63-4c0f-a661-93971bb35d0b":{"type":"testimonial","settings":{"image1":"shopify:\/\/shop_images\/macleods_logo.png","linkurl1":""}},"de202019-761c-497b-a9fb-8975f4235ec8":{"type":"testimonial","settings":{"image1":"shopify:\/\/shop_images\/NUVOCO_NEW_LOGO-01.jpg","linkurl1":""}},"e13db4e3-0939-4491-9a15-786e306a415a":{"type":"testimonial","disabled":true,"settings":{"image1":"shopify:\/\/shop_images\/whirlpool_logo.png","linkurl1":""}},"b76741e7-ea02-424a-afb8-8237712c3a90":{"type":"testimonial","settings":{"image1":"shopify:\/\/shop_images\/Mearsk_Tankers_Logo.png","linkurl1":""}},"4a7ec317-98d2-4b55-8d8e-c267460b94a1":{"type":"testimonial","settings":{"image1":"shopify:\/\/shop_images\/Ttk-Services-TTK.png","linkurl1":""}},"bc8b7328-f713-4201-ad24-f44b1f6c84bc":{"type":"testimonial","settings":{"image1":"shopify:\/\/shop_images\/microlabs_logo.png","linkurl1":""}},"ec02873b-fe9c-42e1-a9be-db6dbf6ec405":{"type":"testimonial","settings":{"image1":"shopify:\/\/shop_images\/corona_logo.jpg","linkurl1":""}},"1ecfe6b7-1ad6-4f27-9444-5f21e1348d43":{"type":"testimonial","settings":{"image1":"shopify:\/\/shop_images\/ipca_labs_logo.png","linkurl1":""}},"e4e97777-1436-4810-ba16-ab8c9d2a5fdf":{"type":"testimonial","disabled":true,"settings":{"image1":"shopify:\/\/shop_images\/alkem_logo.jpg","linkurl1":""}},"c3146055-0b61-4a3e-868b-ccb078fc2049":{"type":"testimonial","settings":{"image1":"shopify:\/\/shop_images\/455-4559901_mankind-serving-life-mankind-pharma-ltd-logo-hd.png","linkurl1":""}},"ec326c5b-5325-4900-bfa3-dbad02247e77":{"type":"testimonial","settings":{"image1":"shopify:\/\/shop_images\/1280px-Pernod_Ricard_logo_2019.svg_38ee3daa-77e1-4fb5-998e-02aaf32c2781.png","linkurl1":""}},"4500b4fd-a18a-4dbf-98cd-3cade2416b02":{"type":"testimonial","settings":{"image1":"shopify:\/\/shop_images\/diageo-logo.png","linkurl1":""}},"994eac24-0baf-4b6a-8a86-89d508bc93d5":{"type":"testimonial","settings":{"image1":"shopify:\/\/shop_images\/Berger_Paints_logo.png","linkurl1":""}},"34b67a02-e94c-4d0d-ab2e-47ead1f984b9":{"type":"testimonial","settings":{"image1":"shopify:\/\/shop_images\/cadila_pharmaceuticals_logo.png","linkurl1":""}}},"block_order":["ca107dde-3beb-44a3-b0af-448504a85f3a","9c23397c-227f-4811-afd8-3da9eaddbd7f","34c2d730-73ec-48e3-bc7f-27ebc27c868a","e02c41e7-cf9e-43bb-9183-24f34d37a11f","2432827d-1a63-4c0f-a661-93971bb35d0b","de202019-761c-497b-a9fb-8975f4235ec8","e13db4e3-0939-4491-9a15-786e306a415a","b76741e7-ea02-424a-afb8-8237712c3a90","4a7ec317-98d2-4b55-8d8e-c267460b94a1","bc8b7328-f713-4201-ad24-f44b1f6c84bc","ec02873b-fe9c-42e1-a9be-db6dbf6ec405","1ecfe6b7-1ad6-4f27-9444-5f21e1348d43","e4e97777-1436-4810-ba16-ab8c9d2a5fdf","c3146055-0b61-4a3e-868b-ccb078fc2049","ec326c5b-5325-4900-bfa3-dbad02247e77","4500b4fd-a18a-4dbf-98cd-3cade2416b02","994eac24-0baf-4b6a-8a86-89d508bc93d5","34b67a02-e94c-4d0d-ab2e-47ead1f984b9"],"settings":{}}},"order":["main","1655983751f9862dbf","1655985105b2cc4a22","1655985215588db6cc","1655985515b830ffe5","1655986775ed0d57c4","16559859143c9113c2","16560558297584f7a5"]}