{"sections":{"main":{"type":"main-contact","disabled":true,"settings":{}},"16532983720557097f":{"type":"custom-html","settings":{"subheading":"","title":"","html":"<h2>CALL, WRITE OR VISIT US AT:<\/h2>\n<h3>Corporate Office<\/h3>\n<p>5th Floor, Gulf Adiba, <br>Plot Number 272, Udyog Vihar, Phase – II, Gurugram, Haryana – 122008<\/p>\n<p><b>Phone No. -<\/b> <a href=\"tel:+917303488233\">+91 73034 88233<\/a><br><b>Email -<\/b> <a href=\"mailto:care@bombayshavingcompany.com\">care@bombayshavingcompany.com<\/a><\/p>\n<p><\/p>\n<h3>Registered Address <\/h3>\n<p>B\/3 190, PASCHIM VIHAR, Delhi-110063<\/p>\n<iframe src=\"https:\/\/www.google.com\/maps\/embed?pb=!1m18!1m12!1m3!1d3506.0539444301094!2d77.08330881455633!3d28.508024682467017!2m3!1f0!2f0!3f0!3m2!1i1024!2i768!4f13.1!3m3!1m2!1s0x390d195b56dfda45%3A0xba9ccde844084d7a!2sGulf%20Adiba!5e0!3m2!1sen!2sin!4v1648718294735!5m2!1sen!2sin\" width=\"100%\" height=\"450\" style=\"border:0;\" allowfullscreen=\"\" loading=\"lazy\" referrerpolicy=\"no-referrer-when-downgrade\"><\/iframe>"}}},"order":["main","16532983720557097f"]}