{"sections":{"main":{"type":"main-product","blocks":{"product_meta":{"type":"product_meta","settings":{"show_vendor":false,"show_sku":false,"show_product_rating":true,"show_taxes_included":true}},"7c896529-a439-41c8-9a1c-655423668344":{"type":"text","settings":{"text":"<p><a href=\"https:\/\/bombayshavingcompany.com\/collections\/best-seller?utm_source=D2C+Web+Links&utm_medium=PDP+Offer&utm_campaign=Best+Sellers\" title=\"https:\/\/bombayshavingcompany.com\/collections\/best-seller?utm_source=D2C+Web+Links&utm_medium=PDP+Offer&utm_campaign=Best+Sellers\"><strong>20% OFF Sitewide<\/strong><\/a>* | Use code: BSC20 (except Trimmers)<\/p><p>Free Shipping on all orders above Rs 499<\/p>"}},"variant_selector":{"type":"variant_selector","settings":{"selector_mode":"block","show_color_swatch":false,"show_color_carousel":false,"size_chart":""}},"quantity_selector":{"type":"quantity_selector","disabled":true,"settings":{"show_label":true}},"4437a5e4-4556-4a67-b78c-739aaa9068d2":{"type":"buy_buttons","settings":{"show_price_in_button":false,"show_payment_button":false}},"description":{"type":"description","settings":{}},"share_buttons":{"type":"share_buttons","settings":{}},"1570bf97-71ad-4561-a98d-0e27a8662154":{"type":"liquid","settings":{"liquid":"{% if product.tags contains 'trimmer' %}\n                    <p>Country of Origin: China<\/p>\n                      {% else %}\n                    <p>Country of Origin: India<\/p>  \n                      {% endif %}"}}},"block_order":["product_meta","7c896529-a439-41c8-9a1c-655423668344","variant_selector","quantity_selector","4437a5e4-4556-4a67-b78c-739aaa9068d2","description","share_buttons","1570bf97-71ad-4561-a98d-0e27a8662154"],"settings":{"image_size":"large","stack_images":true,"show_thumbnails":true,"enable_image_zoom":true,"enable_video_looping":false}},"165235153360709679":{"type":"accordion","blocks":{"0d3c756e-ac83-4d8b-b31c-26a181abb282":{"type":"testimonial","settings":{"que":"Product Description","ans":"<p>{{ product.metafields.my_fields.long_description | metafield_tag }}<\/p>","open":true}},"0c96aed9-6559-488e-8f7a-426e9be7bef1":{"type":"testimonial","settings":{"que":"<p>How to Use<\/p>","ans":"<p>{{ product.metafields.my_fields.how_to_use | metafield_tag }}<\/p>","open":false}},"a1a5f3e6-b531-4271-9377-0fe78ee7bad0":{"type":"testimonial","settings":{"que":"<p>Ingredients<\/p>","ans":"<p>{{ product.metafields.my_fields.ingredients | metafield_tag }}<\/p>","open":false}}},"block_order":["0d3c756e-ac83-4d8b-b31c-26a181abb282","0c96aed9-6559-488e-8f7a-426e9be7bef1","a1a5f3e6-b531-4271-9377-0fe78ee7bad0"],"settings":{}},"1659684819aef7882f":{"type":"banner","blocks":{"b8dea95a-c537-4b9a-8433-358694ea8ad2":{"type":"testimonial","settings":{"img":"{{ product.metafields.my_fields.media_image_1.value }}","link":""}},"f863877d-5ce7-4984-ab84-d3594c6380fc":{"type":"testimonial","settings":{"img":"{{ product.metafields.my_fields.media_image_2.value }}","link":""}},"a524b4ed-c7fb-4f56-a3ce-d3f7945d969e":{"type":"testimonial","settings":{"img":"{{ product.metafields.my_fields.media_image_3.value }}","link":""}},"8ebf4647-6d19-4764-b129-a32a274e503c":{"type":"testimonial","settings":{"img":"{{ product.metafields.my_fields.media_image_4.value }}","link":""}},"d9a603b4-01e8-4034-9633-cc18baf4d02c":{"type":"testimonial","settings":{"img":"{{ product.metafields.custom.media_image_5.value }}","link":""}},"c778a28a-4107-4dfd-be46-dc5bf8178221":{"type":"testimonial","settings":{"img":"{{ product.metafields.custom.media_image_6.value }}","link":""}},"2e2fb152-43c3-49b2-96cc-75f50da68f6b":{"type":"testimonial","settings":{"img":"{{ product.metafields.custom.media_image_7.value }}","link":""}}},"block_order":["b8dea95a-c537-4b9a-8433-358694ea8ad2","f863877d-5ce7-4984-ab84-d3594c6380fc","a524b4ed-c7fb-4f56-a3ce-d3f7945d969e","8ebf4647-6d19-4764-b129-a32a274e503c","d9a603b4-01e8-4034-9633-cc18baf4d02c","c778a28a-4107-4dfd-be46-dc5bf8178221","2e2fb152-43c3-49b2-96cc-75f50da68f6b"],"settings":{}},"16527729209ba2f855":{"type":"apps","blocks":{"69ecc4dd-a9eb-4a51-9f10-343d1d45f123":{"type":"shopify:\/\/apps\/judge-me-product-reviews\/blocks\/review_widget\/61ccd3b1-a9f2-4160-9fe9-4fec8413e5d8","settings":{}}},"block_order":["69ecc4dd-a9eb-4a51-9f10-343d1d45f123"],"settings":{"include_margins":true,"evm_widgets":false}},"product-recommendations":{"type":"product-recommendations","settings":{"heading":"You may also like","show_product_info":true,"show_vendor":false,"show_color_swatch":false}},"recently-viewed-products":{"type":"recently-viewed-products","settings":{"title":"Recently viewed","show_product_info":true,"show_vendor":false,"show_color_swatch":false}},"1656311028f1e2b77e":{"type":"apps","settings":{"include_margins":true,"evm_widgets":false}}},"order":["main","165235153360709679","1659684819aef7882f","16527729209ba2f855","product-recommendations","recently-viewed-products","1656311028f1e2b77e"]}