{"sections":{"main":{"type":"main-product","blocks":{"product_meta":{"type":"product_meta","settings":{"show_vendor":false,"show_sku":false,"show_product_rating":true,"show_taxes_included":false}},"7c896529-a439-41c8-9a1c-655423668344":{"type":"text","settings":{"text":"<p>20% OFF on Women Collection | Use code: BOMBAE20<\/p><p>Free Shipping on all orders above Rs 499<\/p>"}},"variant_selector":{"type":"variant_selector","settings":{"selector_mode":"block","show_color_swatch":false,"show_color_carousel":false,"size_chart":""}},"quantity_selector":{"type":"quantity_selector","disabled":true,"settings":{"show_label":true}},"4437a5e4-4556-4a67-b78c-739aaa9068d2":{"type":"buy_buttons","settings":{"show_price_in_button":false,"show_payment_button":false}},"description":{"type":"description","settings":{}},"share_buttons":{"type":"share_buttons","settings":{}}},"block_order":["product_meta","7c896529-a439-41c8-9a1c-655423668344","variant_selector","quantity_selector","4437a5e4-4556-4a67-b78c-739aaa9068d2","description","share_buttons"],"settings":{"image_size":"large","stack_images":true,"show_thumbnails":true,"enable_image_zoom":true,"enable_video_looping":false}},"165235153360709679":{"type":"accordion","blocks":{"0d3c756e-ac83-4d8b-b31c-26a181abb282":{"type":"testimonial","settings":{"que":"Product Description","ans":"<p>{{ product.metafields.my_fields.long_description | metafield_tag }}<\/p>","open":true}},"0c96aed9-6559-488e-8f7a-426e9be7bef1":{"type":"testimonial","settings":{"que":"<p>How to Use<\/p>","ans":"<p>{{ product.metafields.my_fields.how_to_use | metafield_tag }}<\/p>","open":false}},"a1a5f3e6-b531-4271-9377-0fe78ee7bad0":{"type":"testimonial","settings":{"que":"<p>Ingredients<\/p>","ans":"<p>{{ product.metafields.my_fields.ingredients | metafield_tag }}<\/p>","open":false}}},"block_order":["0d3c756e-ac83-4d8b-b31c-26a181abb282","0c96aed9-6559-488e-8f7a-426e9be7bef1","a1a5f3e6-b531-4271-9377-0fe78ee7bad0"],"settings":{}},"1656311007ac323294":{"type":"apps","blocks":{"a80586d7-54eb-4d86-899e-e540b8ca2476":{"type":"shopify:\/\/apps\/personalized-recommendations\/blocks\/wiser_browsing\/3f966edc-9a4a-465c-a4df-436d2a39160d","settings":{}}},"block_order":["a80586d7-54eb-4d86-899e-e540b8ca2476"],"settings":{"include_margins":true}},"16527729209ba2f855":{"type":"apps","blocks":{"69ecc4dd-a9eb-4a51-9f10-343d1d45f123":{"type":"shopify:\/\/apps\/judge-me-product-reviews\/blocks\/review_widget\/61ccd3b1-a9f2-4160-9fe9-4fec8413e5d8","settings":{}}},"block_order":["69ecc4dd-a9eb-4a51-9f10-343d1d45f123"],"settings":{"include_margins":true}},"product-recommendations":{"type":"product-recommendations","disabled":true,"settings":{"heading":"You may also like","show_product_info":true,"show_vendor":false,"show_color_swatch":false}},"recently-viewed-products":{"type":"recently-viewed-products","disabled":true,"settings":{"title":"Recently viewed","show_product_info":true,"show_vendor":false,"show_color_swatch":false}},"1656311028f1e2b77e":{"type":"apps","blocks":{"16e5714d-b763-4743-9668-755e46fcf8e7":{"type":"shopify:\/\/apps\/personalized-recommendations\/blocks\/wiser_recent\/3f966edc-9a4a-465c-a4df-436d2a39160d","settings":{}},"2794cdfd-c4d5-4b7b-b7a2-91861f392110":{"type":"shopify:\/\/apps\/personalized-recommendations\/blocks\/wiser_related\/3f966edc-9a4a-465c-a4df-436d2a39160d","settings":{}}},"block_order":["16e5714d-b763-4743-9668-755e46fcf8e7","2794cdfd-c4d5-4b7b-b7a2-91861f392110"],"settings":{"include_margins":true}}},"order":["main","165235153360709679","1656311007ac323294","16527729209ba2f855","product-recommendations","recently-viewed-products","1656311028f1e2b77e"]}